 ,Label,Mean,Min,Max,Length.cm,Family
1,rulerxocc.tif,84.899,67.689,123.159,0.233,
2,rulerxocc.tif,87.508,64.342,152.858,0.235,
3,rulerxocc.tif,82.49,64.244,112.942,0.235,
4,FEn17w12A09.1.tif,108.007,86.372,255,0.638,Eph.Heptageniidae
5,FEn17w12A09.1.tif,105.199,70.884,190.667,0.325,Eph.Heptageniidae
6,FEn17w12A09.1.tif,108.745,78.341,186,0.648,Eph.Heptageniidae
7,FEn17w12A09.1.tif,60.164,19.557,255,0.941,Eph.Heptageniidae
8,FEn17w12A09.1.tif,95.831,69.506,142.119,0.197,Eph.Heptageniidae
9,FEn17w12A09.1.tif,72.834,30.491,133.034,0.283,Eph.Heptageniidae
10,FEn17w12A09.2.tif,61.559,29.591,115.507,0.385,Eph.Heptageniidae
11,FEn17w12A09.2.tif,75.902,51.075,103.535,0.322,Eph.Heptageniidae
12,FEn17w12A09.2.tif,81.514,53.457,117.426,0.572,Eph.Heptageniidae
13,FEn17w12A09.2.tif,90.908,60.315,114.329,0.406,Eph.Heptageniidae
14,FEn17w12A09.2.tif,63.208,41.767,180.333,0.337,Eph.Heptageniidae
15,FEn17w12A09.2.tif,79.625,44.652,103.068,0.198,Eph.Heptageniidae
16,FEn17w12A09.2.tif,102.823,50.656,139.998,0.466,Eph.Heptageniidae
17,FEn17w12A09.2.tif,83.817,20.395,142.308,0.317,Eph.Heptageniidae
18,FEn17w12A09.2.tif,77.953,40.568,106.562,0.259,Eph.Heptageniidae
19,FEn17w12A09.2.tif,75.556,36.125,114.382,0.264,Eph.Heptageniidae
20,FEn17w12A09.3.tif,89.724,63.215,118.333,0.359,Eph.Heptageniidae
21,FEn17w12A09.3.tif,75.895,35.16,107.59,0.326,Eph.Heptageniidae
22,FEn17w12A09.3.tif,75.837,33.918,116.103,0.325,Eph.Heptageniidae
23,FEn17w12A09.3.tif,90.554,58.851,155.667,0.419,Eph.Heptageniidae
24,FEn17w12A09.3.tif,109.961,53.669,170.529,0.431,Eph.Heptageniidae
25,FEn17w12A09.3.tif,85.891,66.407,120.405,0.227,Eph.Heptageniidae
26,FEn17w12A09.3.tif,113.738,86.333,158,0.249,Eph.Heptageniidae
27,FEn17w12A09.3.tif,91.739,54.482,119.015,0.187,Eph.Heptageniidae
28,FEn17w12A09.3.tif,110.757,90.049,126.806,0.104,Eph.Heptageniidae
29,FEn17w12A09.3.tif,96.271,61.022,149.486,0.345,Eph.Heptageniidae
30,FEn17w12A09.3.tif,82.991,45.106,114.13,0.406,Eph.Heptageniidae
31,FEn17w12A09.3.tif,109.339,79.606,161.033,0.2,Eph.Heptageniidae
32,FEn17w12A09.3.tif,70.161,31.135,129.171,0.205,Eph.Heptageniidae
33,FEn17w12A09.3.tif,128.48,77.038,168.268,0.149,Eph.Heptageniidae
34,FEn17w12A09.5.tif,122.349,88.558,144.333,0.182,Eph.Heptageniidae
35,FEn17w12A09.5.tif,156.203,121.649,177.906,0.175,Eph.Heptageniidae
36,FEn17w12A09.5.tif,120.368,87.95,169.618,0.132,Eph.Heptageniidae
37,FEn17w12A09.5.tif,141.146,89.559,166.15,0.156,Eph.Heptageniidae
38,FEn17w12A09.5.tif,115.563,77.827,152.287,0.169,Eph.Heptageniidae
39,FEn17w12A09.5.tif,112.647,79.965,155.324,0.189,Eph.Heptageniidae
40,FEn17w12A09.5.tif,148.044,124.322,194.566,0.137,Eph.Heptageniidae
41,FEn17w12A09.5.tif,167.346,105.561,224.373,0.155,Eph.Heptageniidae
42,FEn17w12A09.5.tif,110.086,69.663,186.644,0.218,Eph.Heptageniidae
43,FEn17w12A09.5.tif,126.586,88.575,164.281,0.166,Eph.Heptageniidae
44,FEn17w12A09.5.tif,102.352,62.961,153.934,0.161,Eph.Heptageniidae
45,FEn17w12A09.5.tif,128.074,82.476,157.703,0.302,Eph.Heptageniidae
46,FEn17w12A09.5.tif,178.594,139.058,211.333,0.128,Eph.Heptageniidae
47,FEn17w12A09.5.tif,161.496,93.982,226.532,0.121,Eph.Heptageniidae
48,FEn17w12A09.5.tif,143.761,90.527,181.866,0.188,Eph.Heptageniidae
49,FEn17w12A09.5.tif,167.558,127.903,199.501,0.133,Eph.Heptageniidae
50,FEn17w12A09.4.tif,102.164,64.702,150.616,0.501,Eph.Heptageniidae
51,FEn17w12A09.4.tif,92.578,64.316,156.128,0.27,Eph.Heptageniidae
52,FEn17w12A09.4.tif,112.826,77.231,152.567,0.316,Eph.Heptageniidae
53,FEn17w12A09.4.tif,94.441,67.288,118.391,0.202,Eph.Heptageniidae
54,FEn17w12A09.4.tif,104.894,79.712,134.967,0.245,Eph.Heptageniidae
55,FEn17w12A09.4.tif,103.749,69.981,174.164,0.355,Eph.Heptageniidae
56,FEn17w12A09.4.tif,108.475,60.829,164.481,0.272,Eph.Heptageniidae
57,FEn17w12A09.4.tif,127.995,89.161,163.504,0.373,Eph.Heptageniidae
58,FEn17w12A09.4.tif,87.684,44.917,154.685,0.266,Eph.Heptageniidae
59,FEn17w12A09.4.tif,123.15,87.855,164.008,0.257,Eph.Heptageniidae
60,FEn17w12A09.6.tif,99.874,83.99,133.008,0.159,Eph.Heptageniidae
1,FEn17w12A09.6.tif,104.012,42.833,255,0.86,Od.Damselflies
2,FEn17w12A09.6.tif,64.311,26.837,255,0.842,Od.Damselflies
3,FEn17w12A09.6.tif,115.927,60.593,186.942,0.322,Od.Damselflies
4,FEn17w12A09.6.tif,106.101,88.035,167.667,0.281,Od.Damselflies
1,FEn17w12A09.7.tif,147.325,100.688,170.842,0.23,Dip.ChironomidaeL
2,FEn17w12A09.7.tif,140.949,110.075,176.018,0.226,Dip.ChironomidaeL
3,FEn17w12A09.7.tif,128.843,94.336,195.333,0.432,Dip.ChironomidaeL
4,FEn17w12A09.7.tif,157.692,109.793,188.945,0.3,Dip.ChironomidaeL
5,FEn17w12A09.7.tif,156.823,105.849,207.353,0.337,Dip.ChironomidaeL
6,FEn17w12A09.7.tif,177.322,134.629,205,0.294,Dip.ChironomidaeL
7,FEn17w12A09.7.tif,117.811,92.016,160.78,0.57,Dip.ChironomidaeL
8,FEn17w12A09.7.tif,147.821,110.282,206,0.314,Dip.ChironomidaeL
9,FEn17w12A09.7.tif,152.806,129.058,239.027,0.504,Dip.ChironomidaeL
10,FEn17w12A09.7.tif,183.728,142.407,217.577,0.249,Dip.ChironomidaeL
11,FEn17w12A09.7.tif,148.131,69.83,219.995,0.277,Dip.ChironomidaeL
12,FEn17w12A09.7.tif,195.437,165.661,212.346,0.161,Dip.ChironomidaeL
13,FEn17w12A09.7.tif,159.919,103.441,207.836,0.281,Dip.ChironomidaeL
14,FEn17w12A09.7.tif,160.976,130.383,211.917,0.308,Dip.ChironomidaeL
15,FEn17w12A09.7.tif,122.922,96.644,197.437,0.329,Dip.ChironomidaeL
16,FEn17w12A09.7.tif,171.78,126.366,211,0.329,Dip.ChironomidaeL
17,FEn17w12A09.7.tif,160.591,116.246,191,0.282,Dip.ChironomidaeL
18,FEn17w12A09.7.tif,167.13,136.992,217.97,0.147,Dip.ChironomidaeL
1,FEn17w12A09.7.tif,170.656,89.725,237.842,0.219,Dip.ChironomidaeP
2,FEn17w12A09.7.tif,155.253,83.333,175.478,0.167,Dip.ChironomidaeP
1,FEn17w12A09.8.tif,130.717,94.742,191.467,0.284,Tri.Polycentropidae
2,FEn17w12A09.8.tif,121.96,89.383,154.636,0.258,Tri.Polycentropidae
3,FEn17w12A09.8.tif,117.66,91.506,150.467,0.25,Tri.Polycentropidae
4,FEn17w12A09.8.tif,97.658,80.322,124.338,0.238,Tri.Polycentropidae
5,FEn17w12A09.8.tif,78.903,51.252,144,0.493,Tri.Polycentropidae
6,FEn17w12A09.8.tif,119.915,85.927,160.772,0.494,Tri.Polycentropidae
7,FEn17w12A09.8.tif,109.712,78.091,164.919,0.482,Tri.Polycentropidae
8,FEn17w12A09.8.tif,163.915,122.187,210.633,0.143,Tri.Polycentropidae
9,FEn17w12A09.8.tif,138.638,112.016,184.736,0.257,Tri.Polycentropidae
10,FEn17w12A09.8.tif,137.933,103.847,177.216,0.419,Tri.Polycentropidae
11,FEn17w12A09.8.tif,143.754,120.982,183.667,0.522,Tri.Polycentropidae
12,FEn17w12A09.8.tif,150.171,117.95,192.533,0.1,Tri.Polycentropidae
13,FEn17w12A09.8.tif,149.17,110.336,194.938,0.249,Tri.Polycentropidae
14,FEn17w12A09.8.tif,170.979,113.789,239.032,0.24,Tri.Polycentropidae
15,FEn17w12A09.8.tif,176.41,150.276,215.501,0.18,Tri.Polycentropidae
16,FEn17w12A09.8.tif,177.354,148.838,221.667,0.157,Tri.Polycentropidae
17,FEn17w12A09.8.tif,158.79,105.013,222.667,0.256,Tri.Polycentropidae
1,FEn17w12A09.8.tif,155.963,118.355,200.6,0.304,Dip.ChironomidaeL
2,FEn17w12A09.8.tif,178.224,151.343,205.487,0.1,Dip.ChironomidaeL
3,FEn17w12A09.8.tif,148.851,74.727,224.155,0.107,Biv.Corbicula
1,FEn17w12A09.9.tif,92.225,70.887,172.47,0.287,Gas.Ancylidae
2,FEn17w12A09.9.tif,83.169,38.909,187.185,0.266,Gas.Ancylidae
3,FEn17w12A09.9.tif,99.472,47.389,147.014,0.247,Gas.Ancylidae
4,FEn17w12A09.9.tif,122.842,100.239,160,0.083,Gas.Ancylidae
5,FEn17w12A09.9.tif,104.867,83.983,137.201,0.117,Gas.Ancylidae
1,FEn17w12A09.9.tif,89.311,67.23,127.245,0.529,Col.ElmL
1,FEn17w12A09.9.tif,114.722,88.122,147.116,0.19,Eph.Leptophlebiidae
1,FEn17w12A09.9.tif,124.858,96.041,155.276,0.178,Eph.Trcorythidae
2,FEn17w12A09.9.tif,132.234,112.161,159.649,0.133,Eph.Trcorythidae
3,FEn17w12A09.9.tif,167.825,126.474,215.829,0.138,Eph.Trcorythidae
4,FEn17w12A09.9.tif,132.177,99.586,186.667,0.195,Eph.Trcorythidae
5,FEn17w12A09.9.tif,134.331,111.281,160.428,0.162,Eph.Trcorythidae
1,FEn17w12A09.9.tif,150.751,114.348,213.223,0.199,Dip.ChironomidaeL
2,FEn17w12A09.9.tif,146.597,124.429,184.333,0.127,Dip.ChironomidaeL
3,FEn17w12A09.9.tif,145.76,124.169,178.902,0.203,Dip.ChironomidaeL
4,FEn17w12A09.9.tif,157.817,115.028,213.333,0.255,Dip.ChironomidaeL
1,FEn17w12A09.9.tif,143.287,103.668,161.135,0.21,Dip.ChironomidaeP
2,FEn17w12A09.9.tif,177.607,155.634,218.142,0.09,Biv.Corbicula
3,FEn17w12A09.9.tif,110.078,100.201,130.009,0.108,Hydrozoans.miscH
1,FEn17w12B09.2.tif,57.727,32.641,91.403,0.699,Eph.Heptageniidae
2,FEn17w12B09.2.tif,76.46,53.383,124.355,0.47,Eph.Heptageniidae
3,FEn17w12B09.2.tif,72.796,45.97,104.408,0.479,Eph.Heptageniidae
4,FEn17w12B09.2.tif,64.922,46.324,85.836,0.473,Eph.Heptageniidae
5,FEn17w12B09.2.tif,53.315,28.088,91.936,0.498,Eph.Heptageniidae
6,FEn17w12B09.2.tif,57.439,36.432,106.473,0.438,Eph.Heptageniidae
7,FEn17w12B09.2.tif,55.992,38.433,106.333,0.346,Eph.Heptageniidae
8,FEn17w12B09.2.tif,78.658,43.924,255,0.407,Eph.Heptageniidae
9,FEn17w12B09.2.tif,108.918,79.278,132.276,0.272,Eph.Heptageniidae
10,FEn17w12B09.1.tif,76.734,45.91,198.252,0.818,Eph.Heptageniidae
11,FEn17w12B09.1.tif,65.454,41.764,105.483,0.602,Eph.Heptageniidae
12,FEn17w12B09.1.tif,73.591,54.257,116.058,0.363,Eph.Heptageniidae
13,FEn17w12B09.1.tif,76.687,39.478,118.333,0.402,Eph.Heptageniidae
14,FEn17w12B09.1.tif,102.995,48.283,139.436,0.518,Eph.Heptageniidae
15,FEn17w12B09.1.tif,81.248,50.256,197.863,0.485,Eph.Heptageniidae
16,FEn17w12B09.1.tif,77.22,47.098,146.666,0.316,Eph.Heptageniidae
17,FEn17w12B09.1.tif,97.691,61.507,169,0.541,Eph.Heptageniidae
18,FEn17w12B09.3.tif,111.683,79.744,179.287,0.412,Eph.Heptageniidae
19,FEn17w12B09.3.tif,91.372,70.178,120.94,0.473,Eph.Heptageniidae
20,FEn17w12B09.3.tif,100.373,53.788,130.092,0.357,Eph.Heptageniidae
21,FEn17w12B09.3.tif,118.812,62.319,153.251,0.296,Eph.Heptageniidae
22,FEn17w12B09.3.tif,125.986,100.205,167.512,0.288,Eph.Heptageniidae
23,FEn17w12B09.3.tif,114.934,83.689,224.214,0.539,Eph.Heptageniidae
24,FEn17w12B09.3.tif,116.783,83.13,216.144,0.58,Eph.Heptageniidae
25,FEn17w12B09.3.tif,118.398,80.264,157.807,0.47,Eph.Heptageniidae
26,FEn17w12B09.3.tif,146.343,81.262,197.452,0.598,Eph.Heptageniidae
27,FEn17w12B09.4.tif,91.98,72.933,149,0.534,Eph.Heptageniidae
28,FEn17w12B09.4.tif,96.442,58.786,255,0.488,Eph.Heptageniidae
29,FEn17w12B09.4.tif,106.9,82.621,157.355,0.475,Eph.Heptageniidae
30,FEn17w12B09.4.tif,132.76,86.878,255,0.324,Eph.Heptageniidae
31,FEn17w12B09.4.tif,109.552,83.421,179.333,0.517,Eph.Heptageniidae
32,FEn17w12B09.4.tif,133.093,70.073,174.334,0.207,Eph.Heptageniidae
33,FEn17w12B09.4.tif,109.382,85.676,141.863,0.495,Eph.Heptageniidae
34,FEn17w12B09.4.tif,121.583,75.593,172.345,0.423,Eph.Heptageniidae
35,FEn17w12B09.4.tif,102.485,76.739,133.35,0.357,Eph.Heptageniidae
36,FEn17w12B09.4.tif,99.547,78,138.72,0.326,Eph.Heptageniidae
37,FEn17w12B09.5.tif,86.543,53.365,135.793,0.544,Eph.Heptageniidae
38,FEn17w12B09.5.tif,94.083,69.891,115.691,0.428,Eph.Heptageniidae
39,FEn17w12B09.5.tif,98.953,68.279,158.568,0.259,Eph.Heptageniidae
40,FEn17w12B09.5.tif,105.772,76.534,124.846,0.463,Eph.Heptageniidae
41,FEn17w12B09.5.tif,94.026,55.183,175.338,0.349,Eph.Heptageniidae
42,FEn17w12B09.5.tif,100.919,70.064,180.435,0.351,Eph.Heptageniidae
43,FEn17w12B09.5.tif,139.718,93.534,171.806,0.484,Eph.Heptageniidae
44,FEn17w12B09.5.tif,102.345,46.694,237.454,0.483,Eph.Heptageniidae
45,FEn17w12B09.5.tif,125.621,103.672,152.049,0.213,Eph.Heptageniidae
46,FEn17w12B09.5.tif,115.751,96.551,189.893,0.442,Eph.Heptageniidae
47,FEn17w12B09.5.tif,133.799,79.698,224,0.387,Eph.Heptageniidae
48,FEn17w12B09.6.tif,143.269,93.825,170.853,0.232,Eph.Heptageniidae
49,FEn17w12B09.6.tif,146.304,112.868,179.624,0.173,Eph.Heptageniidae
50,FEn17w12B09.6.tif,136.937,98.948,160.615,0.272,Eph.Heptageniidae
51,FEn17w12B09.6.tif,134.885,82.445,163.694,0.266,Eph.Heptageniidae
52,FEn17w12B09.6.tif,127.99,89.572,172.572,0.455,Eph.Heptageniidae
53,FEn17w12B09.6.tif,143.311,106.009,193.861,0.23,Eph.Heptageniidae
54,FEn17w12B09.6.tif,160.61,119.678,198.492,0.219,Eph.Heptageniidae
55,FEn17w12B09.6.tif,142.852,117.053,175.28,0.187,Eph.Heptageniidae
56,FEn17w12B09.6.tif,141.64,99.614,186.431,0.251,Eph.Heptageniidae
57,FEn17w12B09.6.tif,175.31,146.257,243.866,0.137,Eph.Heptageniidae
58,FEn17w12B09.6.tif,143.423,100.403,171.616,0.274,Eph.Heptageniidae
59,FEn17w12B09.6.tif,133.023,99.949,149.362,0.443,Eph.Heptageniidae
60,FEn17w12B09.6.tif,126.656,98.117,167.589,0.211,Eph.Heptageniidae
61,FEn17w12B09.6.tif,132.327,106.138,175.58,0.112,Eph.Heptageniidae
62,FEn17w12B09.6.tif,138.858,118.312,151.796,0.092,Eph.Heptageniidae
63,FEn17w12B09.6.tif,118.848,103.216,140.883,0.145,Eph.Heptageniidae
64,FEn17w12B09.6.tif,96.511,71.861,182.333,0.276,Eph.Heptageniidae
65,FEn17w12B09.6.tif,108.471,62.662,151.934,0.674,Eph.Heptageniidae
66,FEn17w12B09.7.tif,123.731,100.551,178.664,0.158,Eph.Heptageniidae
67,FEn17w12B09.7.tif,121.24,96.943,166.184,0.147,Eph.Heptageniidae
68,FEn17w12B09.7.tif,150.296,124.224,164.946,0.264,Eph.Heptageniidae
69,FEn17w12B09.7.tif,115.849,94.024,168.301,0.123,Eph.Heptageniidae
70,FEn17w12B09.7.tif,126.882,93.333,157.624,0.136,Eph.Heptageniidae
71,FEn17w12B09.7.tif,155.605,126.071,174.997,0.252,Eph.Heptageniidae
72,FEn17w12B09.7.tif,109.526,76.302,148.201,0.202,Eph.Heptageniidae
73,FEn17w12B09.7.tif,142.977,112.667,179.133,0.194,Eph.Heptageniidae
74,FEn17w12B09.7.tif,124.206,101.8,171.944,0.248,Eph.Heptageniidae
75,FEn17w12B09.7.tif,130.61,106.727,159.914,0.334,Eph.Heptageniidae
76,FEn17w12B09.7.tif,122.331,80.39,158,0.299,Eph.Heptageniidae
77,FEn17w12B09.7.tif,173.312,136.868,206.564,0.266,Eph.Heptageniidae
78,FEn17w12B09.7.tif,153.966,111.473,193.814,0.211,Eph.Heptageniidae
79,FEn17w12B09.7.tif,171.639,124.025,202.712,0.133,Eph.Heptageniidae
80,FEn17w12B09.7.tif,150.083,123.534,212.713,0.091,Eph.Heptageniidae
81,FEn17w12B09.7.tif,152.895,104.17,250.827,0.178,Eph.Heptageniidae
82,FEn17w12B09.7.tif,171.547,130.663,233,0.162,Eph.Heptageniidae
83,FEn17w12B09.7.tif,162.167,132.346,191.401,0.117,Eph.Heptageniidae
84,FEn17w12B09.7.tif,175.733,122.825,217.667,0.192,Eph.Heptageniidae
85,FEn17w12B09.7.tif,160.464,136.139,194.245,0.141,Eph.Heptageniidae
86,FEn17w12B09.7.tif,120.547,98.049,156.3,0.154,Eph.Heptageniidae
87,FEn17w12B09.7.tif,135.673,107.326,164.429,0.197,Eph.Heptageniidae
88,FEn17w12B09.7.tif,143.345,108.584,165.154,0.115,Eph.Heptageniidae
89,FEn17w12B09.8.tif,137.854,102.315,197.876,0.266,Eph.Heptageniidae
90,FEn17w12B09.8.tif,137.015,107.681,165.548,0.147,Eph.Heptageniidae
91,FEn17w12B09.8.tif,145.026,97.163,188.956,0.478,Eph.Heptageniidae
92,FEn17w12B09.8.tif,144.692,111.476,172.519,0.223,Eph.Heptageniidae
93,FEn17w12B09.8.tif,124.766,85.8,162.975,0.332,Eph.Heptageniidae
94,FEn17w12B09.8.tif,159.25,120.918,179.517,0.18,Eph.Heptageniidae
95,FEn17w12B09.8.tif,135.971,109.214,176.686,0.205,Eph.Heptageniidae
96,FEn17w12B09.8.tif,131.159,92.715,185.388,0.295,Eph.Heptageniidae
97,FEn17w12B09.8.tif,143.36,105.793,184.465,0.181,Eph.Heptageniidae
98,FEn17w12B09.8.tif,153.535,125.45,182.667,0.186,Eph.Heptageniidae
99,FEn17w12B09.8.tif,172.642,140.712,208.002,0.159,Eph.Heptageniidae
100,FEn17w12B09.8.tif,170.205,145.783,207.667,0.172,Eph.Heptageniidae
101,FEn17w12B09.8.tif,153.977,126.175,209.217,0.145,Eph.Heptageniidae
102,FEn17w12B09.8.tif,151.174,128.909,184.958,0.131,Eph.Heptageniidae
103,FEn17w12B09.8.tif,129.364,94.216,192.756,0.24,Eph.Heptageniidae
104,FEn17w12B09.8.tif,161.965,131.274,206.605,0.151,Eph.Heptageniidae
105,FEn17w12B09.9.tif,169.638,124.396,209.838,0.178,Eph.Heptageniidae
106,FEn17w12B09.9.tif,138.302,120.006,191.914,0.087,Eph.Heptageniidae
107,FEn17w12B09.9.tif,155.192,117.736,171.393,0.092,Eph.Heptageniidae
108,FEn17w12B09.9.tif,167.783,137.961,193.547,0.1,Eph.Heptageniidae
109,FEn17w12B09.9.tif,179.776,135.301,211.096,0.173,Eph.Heptageniidae
110,FEn17w12B09.9.tif,152.893,120.36,207.229,0.431,Eph.Heptageniidae
111,FEn17w12B09.9.tif,192.429,141.726,223.408,0.127,Eph.Heptageniidae
112,FEn17w12B09.9.tif,185.974,137.406,247,0.137,Eph.Heptageniidae
1,FEn17w12B09.10.tif,115.62,73.302,255,0.416,Od.Damselflies
2,FEn17w12B09.10.tif,196.513,173.705,228.163,0.154,Od.Damselflies
3,FEn17w12B09.10.tif,91.475,58.006,255,1.033,Od.Damselflies
4,FEn17w12B09.10.tif,174.656,142.211,206.797,0.177,Od.Damselflies
5,FEn17w12B09.10.tif,143.601,112.034,173.88,0.335,Dip.ChironomidaeL
1,FEn17w12B09.11.tif,133.144,106.332,182.459,0.24,Col.ElmL
2,FEn17w12B09.11.tif,95.807,79.969,163.04,0.528,Col.ElmL
3,FEn17w12B09.11.tif,160.095,143.525,198.776,0.109,Eph.Heptageniidae
1,FEn17w12B09.11.tif,124.445,99.531,174.667,0.172,Tri.Helicophyche
1,FEn17w12B09.11.tif,122.021,98.963,207.5,0.24,FLAT WORMS
2,FEn17w12B09.11.tif,73.982,57.689,129.097,0.347,Col.ElmA
1,FEn17w12B09.11.tif,165.469,143.596,189.459,0.243,Tri.Hydroptilidae
1,FEn17w12B09.11.tif,102.118,76.412,214.91,0.181,Dip.Other
2,FEn17w12B09.11.tif,109.105,92.869,164.547,0.202,Gas.Ancylidae
1,FEn17w12B09.12.tif,158.55,122.428,175.205,0.126,Tri.Polycentropidae
2,FEn17w12B09.12.tif,131.423,92.667,155.161,0.33,Tri.Polycentropidae
3,FEn17w12B09.12.tif,138.276,113.047,167.085,0.457,Tri.Polycentropidae
4,FEn17w12B09.12.tif,160.767,125.694,226.2,0.283,Tri.Polycentropidae
5,FEn17w12B09.12.tif,142.51,117.496,179.549,0.402,Tri.Polycentropidae
6,FEn17w12B09.12.tif,178.707,157.423,211.456,0.285,Tri.Polycentropidae
7,FEn17w12B09.12.tif,151.791,115.082,231.531,0.383,Tri.Polycentropidae
8,FEn17w12B09.12.tif,180.809,141.541,228.677,0.137,Tri.Polycentropidae
9,FEn17w12B09.12.tif,171.029,108.553,238.667,0.384,Tri.Polycentropidae
10,FEn17w12B09.12.tif,153.305,125.704,193,0.38,Tri.Polycentropidae
11,FEn17w12B09.12.tif,160.929,136.468,221.613,0.325,Tri.Polycentropidae
12,FEn17w12B09.12.tif,163.876,116.627,215.01,0.153,Tri.Polycentropidae
13,FEn17w12B09.12.tif,173.178,156.164,194.868,0.15,Tri.Polycentropidae
1,FEn17w12B09.13.tif,188.272,110.335,230.711,0.221,Dip.ChironomidaeP
2,FEn17w12B09.13.tif,177.56,129.591,212.957,0.224,Dip.ChironomidaeP
3,FEn17w12B09.13.tif,176.01,92.134,229.743,0.265,Dip.ChironomidaeP
4,FEn17w12B09.13.tif,170.264,108.331,235.421,0.11,Dip.ChironomidaeP
5,FEn17w12B09.13.tif,151.847,133.622,190.4,0.183,Dip.ChironomidaeP
6,FEn17w12B09.13.tif,144.848,102.133,193.301,0.403,Dip.ChironomidaeP
7,FEn17w12B09.13.tif,170.482,149.856,215.82,0.191,Dip.ChironomidaeP
8,FEn17w12B09.13.tif,171.949,115.093,215,0.272,Dip.ChironomidaeP
9,FEn17w12B09.13.tif,151.738,98.207,188.153,0.324,Dip.ChironomidaeP
10,FEn17w12B09.13.tif,154.447,101.619,182.905,0.215,Dip.ChironomidaeP
11,FEn17w12B09.13.tif,156.051,147.634,168.006,0.184,Gas.Ancylidae
12,FEn17w12B09.13.tif,138.398,112.993,157.601,0.174,Gas.Ancylidae
1,FEn17w12B09.14.tif,101.21,73.916,133.26,0.435,Dip.ChironomidaeL
2,FEn17w12B09.14.tif,133.814,84.649,178.316,0.282,Dip.ChironomidaeL
3,FEn17w12B09.14.tif,139.032,102.183,168.584,0.081,Dip.ChironomidaeL
4,FEn17w12B09.14.tif,126.924,100.333,182.604,0.201,Dip.ChironomidaeL
5,FEn17w12B09.14.tif,149.368,105.437,179,0.34,Dip.ChironomidaeL
6,FEn17w12B09.14.tif,149.606,98.994,191.996,0.341,Dip.ChironomidaeL
7,FEn17w12B09.14.tif,151.214,91.98,197.41,0.194,Dip.ChironomidaeL
8,FEn17w12B09.14.tif,149.91,112.259,212.333,0.529,Dip.ChironomidaeL
9,FEn17w12B09.14.tif,142.43,103.712,193.961,0.367,Dip.ChironomidaeL
10,FEn17w12B09.14.tif,127.961,87.061,160.333,0.419,Dip.ChironomidaeL
11,FEn17w12B09.14.tif,174.082,119.427,200.176,0.267,Dip.ChironomidaeL
12,FEn17w12B09.14.tif,104.505,68.644,128.077,0.124,Dip.ChironomidaeL
13,FEn17w12B09.14.tif,136.371,92.417,177.729,0.155,Dip.ChironomidaeL
14,FEn17w12B09.14.tif,147.8,96.431,195.763,0.263,Dip.ChironomidaeL
15,FEn17w12B09.14.tif,179.374,103.108,226.52,0.318,Dip.ChironomidaeL
16,FEn17w12B09.14.tif,168.108,113.317,207.032,0.346,Dip.ChironomidaeL
17,FEn17w12B09.14.tif,163.341,124.225,202.61,0.382,Dip.ChironomidaeL
18,FEn17w12B09.14.tif,180.373,107.582,248.56,0.332,Dip.ChironomidaeL
19,FEn17w12B09.14.tif,158.023,128.215,212.385,0.328,Dip.ChironomidaeL
20,FEn17w12B09.14.tif,128.504,96.673,221.333,0.166,Dip.ChironomidaeL
21,FEn17w12B09.14.tif,130.978,102.333,180.712,0.213,Dip.ChironomidaeL
22,FEn17w12B09.14.tif,153.212,106.655,195.333,0.361,Dip.ChironomidaeL
23,FEn17w12B09.14.tif,152.828,94.197,214.605,0.29,Dip.ChironomidaeL
1,FEn17w12B09.14.tif,158.517,138.575,198.575,0.228,Tri.Polycentropidae
1,FEn17w12B09.14.tif,154.034,127.723,196.92,0.355,Dip.ChironomidaeL
1,FEn17w12B09.16.tif,81.96,54.204,160.078,0.632,Eph.Leptophlebiidae
2,FEn17w12B09.16.tif,111.846,90.559,140.392,0.197,Eph.Leptophlebiidae
3,FEn17w12B09.16.tif,103.995,66.618,246.198,0.456,Eph.Leptophlebiidae
4,FEn17w12B09.16.tif,129.566,105.421,160.659,0.124,Eph.Leptophlebiidae
5,FEn17w12B09.16.tif,172.423,118.146,233.606,0.195,Eph.Leptophlebiidae
6,FEn17w12B09.16.tif,123.729,91.019,148.228,0.116,Eph.Leptophlebiidae
1,FEn17w12B09.16.tif,159.392,120.446,185.908,0.231,Eph.Leptophlebiidae
2,FEn17w12B09.16.tif,138.058,120,156.827,0.137,Eph.Trcorythidae
3,FEn17w12B09.16.tif,136.358,108.691,163.924,0.141,Eph.Trcorythidae
4,FEn17w12B09.16.tif,138.954,106.294,165.108,0.21,Eph.Trcorythidae
5,FEn17w12B09.16.tif,155.903,125.841,188.567,0.177,Eph.Trcorythidae
6,FEn17w12B09.16.tif,142.381,110.712,167.1,0.184,Eph.Trcorythidae
7,FEn17w12B09.16.tif,151.713,114.23,186.764,0.203,Eph.Trcorythidae
8,FEn17w12B09.16.tif,164.005,118.287,229.609,0.155,Eph.Trcorythidae
9,FEn17w12B09.16.tif,169.359,117.619,210.467,0.179,Eph.Trcorythidae
10,FEn17w12B09.16.tif,149.668,127.35,183.428,0.173,Eph.Trcorythidae
11,FEn17w12B09.16.tif,132.965,90.784,219.054,0.195,Eph.Trcorythidae
12,FEn17w12B09.16.tif,163.205,138.395,220.942,0.139,Eph.Trcorythidae
1,FEn17w12C04.1.tif,122.192,58.213,206.2,0.804,Od.Damselflies
2,FEn17w12C04.1.tif,89.443,39.46,150.71,1.156,Od.Damselflies
3,FEn17w12C04.1.tif,107.478,71.541,255,0.808,Od.Damselflies
1,FEn17w12C04.2.tif,74.58,25.941,133.852,1.379,Plecoptera.Perlidae
1,FEn17w12C04.3.tif,166.704,114.752,209.776,0.44,Eph.Heptageniidae
2,FEn17w12C04.3.tif,137.999,89.461,167.595,0.396,Eph.Heptageniidae
3,FEn17w12C04.3.tif,147.672,100.346,194.589,0.275,Eph.Heptageniidae
4,FEn17w12C04.3.tif,159.312,112.098,218.324,0.242,Eph.Heptageniidae
5,FEn17w12C04.3.tif,145.318,109.128,189.027,0.266,Eph.Heptageniidae
6,FEn17w12C04.3.tif,171.916,107.827,210.531,0.217,Eph.Heptageniidae
7,FEn17w12C04.3.tif,184.028,118.778,251.73,0.37,Eph.Heptageniidae
8,FEn17w12C04.3.tif,139.802,85.056,197.333,0.356,Eph.Heptageniidae
9,FEn17w12C04.3.tif,146.424,91.958,179.229,0.296,Eph.Heptageniidae
10,FEn17w12C04.3.tif,156.552,121.847,177.378,0.132,Eph.Heptageniidae
11,FEn17w12C04.3.tif,160.331,124.961,191.024,0.445,Eph.Heptageniidae
12,FEn17w12C04.3.tif,184.008,145.627,204.835,0.282,Eph.Heptageniidae
13,FEn17w12C04.3.tif,180.89,162.843,198.384,0.343,Eph.Heptageniidae
1,FEn17w12C04.4.tif,170.337,119.333,225.524,0.447,Eph.Heptageniidae
2,FEn17w12C04.4.tif,178.148,119.706,203.731,0.254,Eph.Heptageniidae
3,FEn17w12C04.4.tif,154.065,98.92,181.586,0.464,Eph.Heptageniidae
4,FEn17w12C04.4.tif,126.546,91.397,171.681,0.212,Eph.Heptageniidae
5,FEn17w12C04.4.tif,147.081,110.842,179.579,0.232,Eph.Heptageniidae
6,FEn17w12C04.4.tif,124.172,49.861,174.02,0.425,Eph.Heptageniidae
7,FEn17w12C04.4.tif,148.16,113.954,196.659,0.407,Eph.Heptageniidae
8,FEn17w12C04.4.tif,150.577,98.081,194.03,0.34,Eph.Heptageniidae
9,FEn17w12C04.4.tif,150.203,83.149,205.601,0.317,Eph.Heptageniidae
10,FEn17w12C04.4.tif,161.935,111.738,184.094,0.229,Eph.Heptageniidae
11,FEn17w12C04.4.tif,121.832,88.905,153.946,0.337,Eph.Heptageniidae
12,FEn17w12C04.4.tif,156.092,124.06,223.984,0.49,Eph.Heptageniidae
13,FEn17w12C04.4.tif,154.408,103.304,187.218,0.219,Eph.Heptageniidae
14,FEn17w12C04.5.tif,125.065,82.958,253.908,0.683,Eph.Heptageniidae
15,FEn17w12C04.5.tif,120.849,59.773,175.186,0.42,Eph.Heptageniidae
16,FEn17w12C04.5.tif,148.014,87.518,184.047,0.567,Eph.Heptageniidae
17,FEn17w12C04.5.tif,143.863,106,178.618,0.239,Eph.Heptageniidae
18,FEn17w12C04.5.tif,129.44,82.722,255,0.592,Eph.Heptageniidae
19,FEn17w12C04.5.tif,115.244,53.912,153.101,0.411,Eph.Heptageniidae
20,FEn17w12C04.5.tif,112.041,75.588,174.012,0.606,Eph.Heptageniidae
21,FEn17w12C04.5.tif,120.89,93.87,148.015,0.306,Eph.Heptageniidae
22,FEn17w12C04.5.tif,129.053,94.446,144.436,0.58,Eph.Heptageniidae
23,FEn17w12C04.6.tif,190.966,120.798,237.732,0.397,Eph.Heptageniidae
24,FEn17w12C04.6.tif,149.606,80.123,229.412,0.635,Eph.Heptageniidae
25,FEn17w12C04.6.tif,147.668,112.186,180.919,0.401,Eph.Heptageniidae
26,FEn17w12C04.6.tif,159.631,102.556,196.901,0.458,Eph.Heptageniidae
27,FEn17w12C04.6.tif,143.732,120.962,170.636,0.359,Eph.Heptageniidae
28,FEn17w12C04.6.tif,179.174,113.294,205.451,0.489,Eph.Heptageniidae
29,FEn17w12C04.6.tif,200.479,150.333,222.383,0.279,Eph.Heptageniidae
30,FEn17w12C04.6.tif,168.15,127.333,223.426,0.244,Eph.Heptageniidae
31,FEn17w12C04.6.tif,150.031,104.952,195.803,0.516,Eph.Heptageniidae
32,FEn17w12C04.6.tif,174.266,118.692,198.35,0.245,Eph.Heptageniidae
33,FEn17w12C04.6.tif,158.398,117.617,207.271,0.268,Eph.Heptageniidae
34,FEn17w12C04.7.tif,224.613,137.045,255,0.383,Eph.Heptageniidae
35,FEn17w12C04.7.tif,180.177,157.333,207.377,0.217,Eph.Heptageniidae
36,FEn17w12C04.7.tif,190.163,117.088,249.77,0.306,Eph.Heptageniidae
37,FEn17w12C04.7.tif,247.697,157.959,255,0.529,Eph.Heptageniidae
38,FEn17w12C04.7.tif,206.791,145.387,255,0.584,Eph.Heptageniidae
39,FEn17w12C04.7.tif,193.957,126.537,251.56,0.055,Eph.Heptageniidae
40,FEn17w12C04.7.tif,219.571,161.333,255,0.223,Eph.Heptageniidae
41,FEn17w12C04.7.tif,243.769,194.769,255,0.326,Eph.Heptageniidae
42,FEn17w12C04.7.tif,226.101,196.17,255,0.325,Eph.Heptageniidae
43,FEn17w12C04.7.tif,218.131,133.741,255,0.239,Eph.Heptageniidae
44,FEn17w12C04.7.tif,174.349,115.239,255,0.395,Eph.Heptageniidae
45,FEn17w12C04.8.tif,97.997,34.491,135.984,0.47,Eph.Heptageniidae
46,FEn17w12C04.8.tif,119.175,81.908,149.484,0.173,Eph.Heptageniidae
47,FEn17w12C04.8.tif,108.018,71.166,136.087,0.21,Eph.Heptageniidae
48,FEn17w12C04.8.tif,110.318,98.548,133.142,0.178,Eph.Heptageniidae
49,FEn17w12C04.8.tif,131.876,101.813,155.293,0.211,Eph.Heptageniidae
50,FEn17w12C04.8.tif,96.99,58.38,136.315,0.223,Eph.Heptageniidae
51,FEn17w12C04.8.tif,147.204,127.411,160.371,0.147,Eph.Heptageniidae
52,FEn17w12C04.8.tif,121.174,79.159,142.251,0.384,Eph.Heptageniidae
53,FEn17w12C04.8.tif,107.674,83.49,125.974,0.172,Eph.Heptageniidae
54,FEn17w12C04.8.tif,126.295,73.191,159.327,0.315,Eph.Heptageniidae
55,FEn17w12C04.8.tif,132.358,98.737,149.183,0.257,Eph.Heptageniidae
56,FEn17w12C04.8.tif,148.87,76.299,173.784,0.342,Eph.Heptageniidae
57,FEn17w12C04.8.tif,133.265,86.448,167.734,0.25,Eph.Heptageniidae
58,FEn17w12C04.8.tif,106.605,57.673,164.515,0.372,Eph.Heptageniidae
59,FEn17w12C04.8.tif,134.634,101.531,177.255,0.176,Eph.Heptageniidae
60,FEn17w12C04.8.tif,130.35,75.221,158.825,0.217,Eph.Heptageniidae
61,FEn17w12C04.8.tif,134.009,105.856,164.357,0.242,Eph.Heptageniidae
62,FEn17w12C04.8.tif,128.347,91.878,176.539,0.298,Eph.Heptageniidae
63,FEn17w12C04.8.tif,140.298,112.589,173.942,0.232,Eph.Heptageniidae
64,FEn17w12C04.9.tif,128.105,98,163.842,0.13,Eph.Heptageniidae
65,FEn17w12C04.9.tif,122.339,102.828,156.932,0.123,Eph.Heptageniidae
66,FEn17w12C04.9.tif,139.513,117.917,159.533,0.147,Eph.Heptageniidae
67,FEn17w12C04.9.tif,149.078,117.626,167.348,0.125,Eph.Heptageniidae
68,FEn17w12C04.9.tif,118.356,82.155,154.872,0.157,Eph.Heptageniidae
69,FEn17w12C04.9.tif,148.278,132.937,162.016,0.107,Eph.Heptageniidae
70,FEn17w12C04.9.tif,137.488,109.253,154.675,0.111,Eph.Heptageniidae
71,FEn17w12C04.9.tif,174.133,146.066,188.99,0.154,Eph.Heptageniidae
72,FEn17w12C04.9.tif,168.237,128.592,195.087,0.183,Eph.Heptageniidae
73,FEn17w12C04.9.tif,126.17,101.897,144.45,0.16,Eph.Heptageniidae
74,FEn17w12C04.9.tif,148.548,114,162.967,0.126,Eph.Heptageniidae
75,FEn17w12C04.9.tif,154.695,127.775,178.565,0.191,Eph.Heptageniidae
76,FEn17w12C04.9.tif,131.32,105.156,156.143,0.166,Eph.Heptageniidae
77,FEn17w12C04.9.tif,152.798,98.601,188.502,0.204,Eph.Heptageniidae
78,FEn17w12C04.9.tif,109.936,70.316,152.209,0.254,Eph.Heptageniidae
79,FEn17w12C04.9.tif,131.115,98.158,154.118,0.117,Eph.Heptageniidae
80,FEn17w12C04.9.tif,161.908,110,189.567,0.288,Eph.Heptageniidae
81,FEn17w12C04.9.tif,129.045,74.272,159.328,0.182,Eph.Heptageniidae
82,FEn17w12C04.9.tif,126.338,99.904,145.467,0.218,Eph.Heptageniidae
83,FEn17w12C04.9.tif,122.26,78.153,157.719,0.227,Eph.Heptageniidae
84,FEn17w12C04.9.tif,129.64,91.479,160.078,0.264,Eph.Heptageniidae
85,FEn17w12C04.9.tif,127.099,101.726,153.74,0.175,Eph.Heptageniidae
86,FEn17w12C04.9.tif,132.838,100.037,158.483,0.211,Eph.Heptageniidae
87,FEn17w12C04.9.tif,122.266,98.62,137.865,0.265,Eph.Heptageniidae
88,FEn17w12C04.9.tif,122.513,95.303,141.992,0.137,Eph.Heptageniidae
89,FEn17w12C04.9.tif,136.974,108.195,154.409,0.245,Eph.Heptageniidae
90,FEn17w12C04.9.tif,160.265,131.9,175.96,0.142,Eph.Heptageniidae
91,FEn17w12C04.9.tif,168.223,121.268,197.712,0.057,Biv.Corbicula
92,FEn17w12C04.9.tif,137.597,118,147.626,0.047,Ostracoda
1,FEn17w12C04.10.tif,150.327,115.774,168.317,0.381,Eph.Heptageniidae
2,FEn17w12C04.10.tif,129.526,74.141,156.333,0.121,Eph.Heptageniidae
3,FEn17w12C04.10.tif,148.973,124.132,165.183,0.138,Eph.Heptageniidae
4,FEn17w12C04.10.tif,149.667,121.667,177.157,0.129,Eph.Heptageniidae
5,FEn17w12C04.10.tif,132.391,103.743,154.277,0.146,Eph.Heptageniidae
1,FEn17w12C04.11.tif,179.879,127.474,237.484,0.371,Dip.ChironomidaeL
2,FEn17w12C04.11.tif,189.402,139.813,234.848,0.419,Dip.ChironomidaeL
3,FEn17w12C04.11.tif,190.472,145.829,220.145,0.251,Dip.ChironomidaeL
4,FEn17w12C04.11.tif,179.828,143.333,216.87,0.15,Dip.ChironomidaeL
5,FEn17w12C04.11.tif,198.463,157.9,244.945,0.338,Dip.ChironomidaeL
6,FEn17w12C04.11.tif,176.087,126.437,226.707,0.309,Dip.ChironomidaeL
7,FEn17w12C04.11.tif,182.366,137.493,227.012,0.32,Dip.ChironomidaeL
8,FEn17w12C04.11.tif,195.604,126.164,233.333,0.194,Dip.ChironomidaeL
9,FEn17w12C04.11.tif,159.305,121.852,191.563,0.208,Dip.ChironomidaeL
10,FEn17w12C04.11.tif,163.019,114.62,212.891,0.266,Dip.ChironomidaeL
11,FEn17w12C04.11.tif,178.302,149.431,196.155,0.112,Dip.ChironomidaeL
12,FEn17w12C04.11.tif,175.022,113,210.029,0.305,Dip.ChironomidaeL
13,FEn17w12C04.11.tif,188.769,154.628,224.255,0.218,Dip.ChironomidaeL
14,FEn17w12C04.11.tif,193.702,121.393,231.807,0.344,Dip.ChironomidaeL
15,FEn17w12C04.11.tif,218.558,144,248.483,0.341,Dip.ChironomidaeL
16,FEn17w12C04.11.tif,224.579,178.227,243.952,0.266,Dip.ChironomidaeL
17,FEn17w12C04.11.tif,235.24,200.667,248.264,0.161,Dip.ChironomidaeL
18,FEn17w12C04.11.tif,214.581,167.793,244.393,0.149,Dip.ChironomidaeL
19,FEn17w12C04.11.tif,216.344,172.146,237.133,0.096,Dip.ChironomidaeL
20,FEn17w12C04.11.tif,226.481,185.334,239.341,0.142,Dip.ChironomidaeL
21,FEn17w12C04.11.tif,215.663,141.634,242.92,0.232,Dip.ChironomidaeL
22,FEn17w12C04.11.tif,174.037,138.926,204.256,0.256,Dip.ChironomidaeL
23,FEn17w12C04.11.tif,173.885,122.626,213.076,0.324,Dip.ChironomidaeL
24,FEn17w12C04.11.tif,212.068,145.291,247.796,0.384,Dip.ChironomidaeL
25,FEn17w12C04.11.tif,202.326,142,232.923,0.311,Dip.ChironomidaeL
26,FEn17w12C04.11.tif,199.47,143.176,253.854,0.399,Dip.ChironomidaeL
27,FEn17w12C04.11.tif,160.97,110.995,186.9,0.342,Col.ElmL
1,FEn17w12C04.12.tif,179.029,137.148,214.664,0.201,Dip.ChironomidaeP
2,FEn17w12C04.12.tif,168.042,76.068,200.416,0.291,Dip.ChironomidaeP
3,FEn17w12C04.12.tif,176.566,77.736,216.991,0.268,Dip.ChironomidaeP
1,FEn17w12C04.12.tif,221.313,145.06,242.667,0.076,Biv.Corbicula
2,FEn17w12C04.12.tif,208.843,122.667,240.375,0.076,Gas.Ancylidae
3,FEn17w12C04.12.tif,173.295,89.182,219.993,0.054,Biv.Corbicula
1,FEn17w12C04.12.tif,146.598,76.355,168.012,0.103,Copepoda.Cyclopoida
2,FEn17w12C04.12.tif,138.215,74.337,175.773,0.104,Copepoda.Cyclopoida
3,FEn17w12C04.12.tif,152.052,113.975,194.383,0.084,Ostracoda
1,FEn17w12C04.12.tif,126.393,58.54,177.014,0.377,Tri.Polycentropidae
2,FEn17w12C04.12.tif,89.485,55.25,143.182,0.194,FLAT WORMS
3,FEn17w12C04.12.tif,162.874,85.701,200.003,0.345,Dip.ChironomidaeL
1,FEn17w12C04.13.tif,124.251,62.492,162.563,0.238,Tri.Polycentropidae
2,FEn17w12C04.13.tif,151.999,90.592,206.492,0.424,Tri.Polycentropidae
3,FEn17w12C04.13.tif,129.4,97.158,152.084,0.196,Tri.Polycentropidae
4,FEn17w12C04.13.tif,122.702,61.789,184.601,0.668,Tri.Polycentropidae
5,FEn17w12C04.13.tif,94.959,43.378,183.13,0.491,Tri.Polycentropidae
6,FEn17w12C04.13.tif,140.286,98.076,189.061,0.303,Tri.Polycentropidae
7,FEn17w12C04.13.tif,133.902,105.667,149.996,0.147,Tri.Polycentropidae
8,FEn17w12C04.13.tif,138.526,100.677,159.05,0.322,Tri.Polycentropidae
9,FEn17w12C04.13.tif,157.723,102,197.435,0.276,Tri.Polycentropidae
1,FEn17w12C04.13.tif,129.206,80,172.791,0.158,Tri.Hydroptilidae
2,FEn17w12C04.13.tif,198.377,153.585,215.052,0.213,Tri.Hydroptilidae
3,FEn17w12C04.13.tif,143.649,88.324,175.762,0.465,Dip.ChironomidaeP
4,FEn17w12C04.13.tif,170.54,111.407,208.029,0.128,Dip.ChironomidaeP
1,FEn17w12C04.13.tif,143.898,94.823,175.515,0.121,Tri.Leptoceridae
1,FEn17w12C04.14.tif,95.92,51.131,153.33,0.54,Eph.Baetidae
2,FEn17w12C04.14.tif,173.546,99.529,198.419,0.241,Eph.Baetidae
3,FEn17w12C04.14.tif,158.466,121.468,176.697,0.203,Eph.Trcorythidae
4,FEn17w12C04.14.tif,148.351,108.333,193.376,0.211,Eph.Trcorythidae
5,FEn17w12C04.14.tif,150.787,104.95,175.069,0.161,Eph.Trcorythidae
6,FEn17w12C04.14.tif,167.8,124,191.317,0.199,Eph.Trcorythidae
7,FEn17w12C04.14.tif,143.626,118.61,177.8,0.235,Eph.Trcorythidae
8,FEn17w12C04.14.tif,135.048,90.222,166.994,0.218,Eph.Trcorythidae
9,FEn17w12C04.14.tif,118.514,63.878,197.517,0.236,Eph.Heptageniidae
1,FEn17w12C04.14.tif,107.281,65.492,142.932,0.369,Gas.Ancylidae
2,FEn17w12C04.14.tif,106.871,83.329,136.046,0.27,Gas.Ancylidae
3,FEn17w12C04.14.tif,72.132,25.464,123.882,0.216,Gas.Ancylidae
4,FEn17w12C04.14.tif,106.479,70.067,136.455,0.216,Gas.Ancylidae
5,FEn17w12C04.14.tif,52.377,24.545,100.656,0.341,Eph.Baetidae
6,FEn17w12C04.14.tif,142.995,102.513,163.446,0.161,Tri.Leptoceridae
1,FEn17w12C04.14.tif,75.432,20.657,113.444,0.208,Tri.Helicophyche
1,FEn17w12C04.15.tif,97.901,29.945,233.906,1.072,Od.Damselflies
2,FEn17w12C04.15.tif,129.46,106.665,154.552,0.431,Od.Damselflies
3,FEn17w12C04.15.tif,139.188,114.404,187.852,0.392,Od.Damselflies
1,FEn17w12D01.1.tif,84.925,42.744,114.443,0.385,Eph.Heptageniidae
2,FEn17w12D01.1.tif,64.123,48.384,91,0.219,Eph.Heptageniidae
3,FEn17w12D01.1.tif,66.669,44.138,119.539,0.231,Eph.Heptageniidae
4,FEn17w12D01.1.tif,105.784,60.753,137.694,0.365,Eph.Heptageniidae
5,FEn17w12D01.1.tif,65.275,43.97,96.863,0.382,Eph.Heptageniidae
6,FEn17w12D01.1.tif,87.147,56.793,135.069,0.2,Eph.Heptageniidae
7,FEn17w12D01.1.tif,72.056,43.703,118.396,0.534,Eph.Heptageniidae
8,FEn17w12D01.1.tif,99.375,60.381,125.53,0.157,Eph.Heptageniidae
9,FEn17w12D01.1.tif,99.654,60.7,137.805,0.165,Eph.Heptageniidae
10,FEn17w12D01.1.tif,92.813,62.099,126.389,0.491,Eph.Heptageniidae
11,FEn17w12D01.1.tif,67.678,47.925,98.801,0.406,Eph.Heptageniidae
12,FEn17w12D01.1.tif,73.397,43.017,115.673,0.296,Eph.Heptageniidae
13,FEn17w12D01.1.tif,65.418,38.171,120.101,0.341,Eph.Heptageniidae
14,FEn17w12D01.1.tif,99.037,77.121,118.327,0.137,Eph.Heptageniidae
15,FEn17w12D01.1.tif,96.529,75.167,141.691,0.251,Eph.Heptageniidae
16,FEn17w12D01.1.tif,89.268,57.763,118.643,0.269,Eph.Heptageniidae
17,FEn17w12D01.2.tif,76.447,53.468,116.87,0.285,Eph.Heptageniidae
18,FEn17w12D01.2.tif,96.07,55.76,111.775,0.232,Eph.Heptageniidae
19,FEn17w12D01.2.tif,86.151,54.504,123.186,0.224,Eph.Heptageniidae
20,FEn17w12D01.2.tif,85.573,49.154,126.818,0.275,Eph.Heptageniidae
21,FEn17w12D01.2.tif,72.207,46.874,155.333,0.217,Eph.Heptageniidae
22,FEn17w12D01.2.tif,88.648,48.465,147.549,0.33,Eph.Heptageniidae
23,FEn17w12D01.2.tif,92.249,57.106,131.333,0.283,Eph.Heptageniidae
24,FEn17w12D01.2.tif,90.543,71.946,111.226,0.205,Eph.Heptageniidae
25,FEn17w12D01.2.tif,78.466,57.379,108.667,0.17,Eph.Heptageniidae
26,FEn17w12D01.2.tif,59.049,37.142,86.915,0.243,Eph.Heptageniidae
27,FEn17w12D01.2.tif,71.412,36.089,114.004,0.462,Eph.Heptageniidae
28,FEn17w12D01.2.tif,61.21,30.732,95.71,0.2,Eph.Heptageniidae
29,FEn17w12D01.2.tif,87.753,54.83,104.802,0.316,Eph.Heptageniidae
30,FEn17w12D01.2.tif,104.688,77.542,155,0.181,Eph.Heptageniidae
31,FEn17w12D01.2.tif,85.018,44.79,154.153,0.201,Eph.Heptageniidae
32,FEn17w12D01.2.tif,107.045,87.886,124.541,0.137,Eph.Heptageniidae
33,FEn17w12D01.2.tif,116.622,104.958,127.65,0.104,Eph.Heptageniidae
34,FEn17w12D01.2.tif,84.797,49.661,118.112,0.19,Eph.Heptageniidae
35,FEn17w12D01.2.tif,91.624,56.079,119.773,0.275,Eph.Heptageniidae
36,FEn17w12D01.2.tif,93.751,70.461,139.689,0.494,Eph.Heptageniidae
37,FEn17w12D01.2.tif,87.307,50.006,125.885,0.258,Eph.Heptageniidae
38,FEn17w12D01.2.tif,105.33,75.378,144.333,0.24,Eph.Heptageniidae
39,FEn17w12D01.3.tif,73.828,43.346,123.068,0.243,Eph.Heptageniidae
40,FEn17w12D01.3.tif,74.546,34.671,117.33,0.309,Eph.Heptageniidae
41,FEn17w12D01.3.tif,78.169,44.267,105.714,0.162,Eph.Heptageniidae
42,FEn17w12D01.3.tif,69.542,44.945,94.79,0.265,Eph.Heptageniidae
43,FEn17w12D01.3.tif,58.672,23.008,86.598,0.136,Eph.Heptageniidae
44,FEn17w12D01.3.tif,67.254,36.907,93.554,0.41,Eph.Heptageniidae
45,FEn17w12D01.3.tif,99.009,66.467,134.06,0.138,Eph.Heptageniidae
46,FEn17w12D01.3.tif,74.309,46.211,104.469,0.213,Eph.Heptageniidae
47,FEn17w12D01.3.tif,110.114,95.325,129.51,0.122,Eph.Heptageniidae
48,FEn17w12D01.3.tif,86.378,56.678,120.402,0.172,Eph.Heptageniidae
49,FEn17w12D01.3.tif,93.025,60.914,126.591,0.358,Eph.Heptageniidae
50,FEn17w12D01.3.tif,122.266,91.833,139.638,0.195,Eph.Heptageniidae
51,FEn17w12D01.3.tif,111.184,82.368,128.398,0.192,Eph.Heptageniidae
52,FEn17w12D01.3.tif,106.391,91.496,129.279,0.141,Eph.Heptageniidae
53,FEn17w12D01.3.tif,92.688,55.54,119.015,0.252,Eph.Heptageniidae
54,FEn17w12D01.3.tif,101.455,61.769,131.431,0.294,Eph.Heptageniidae
55,FEn17w12D01.3.tif,95.377,77.259,128.012,0.141,Eph.Heptageniidae
56,FEn17w12D01.3.tif,75.774,42.584,123.684,0.419,Eph.Heptageniidae
57,FEn17w12D01.3.tif,92.929,59.741,136.364,0.336,Eph.Heptageniidae
58,FEn17w12D01.3.tif,93.199,65,126,0.16,Eph.Heptageniidae
59,FEn17w12D01.3.tif,107.441,65.287,123.718,0.245,Eph.Heptageniidae
60,FEn17w12D01.3.tif,88.92,49.562,126.711,0.38,Eph.Heptageniidae
61,FEn17w12D01.3.tif,74.881,58.646,88.366,0.185,Eph.Heptageniidae
62,FEn17w12D01.3.tif,74.745,39.991,124.667,0.47,Eph.Heptageniidae
63,FEn17w12D01.4.tif,76.325,43.555,92.616,0.253,Eph.Heptageniidae
64,FEn17w12D01.4.tif,75.597,30.734,95.044,0.188,Eph.Heptageniidae
65,FEn17w12D01.4.tif,64.8,28.18,89.245,0.163,Eph.Heptageniidae
66,FEn17w12D01.4.tif,89.296,68.219,123.341,0.152,Eph.Heptageniidae
67,FEn17w12D01.4.tif,82.337,51.067,107.678,0.194,Eph.Heptageniidae
68,FEn17w12D01.4.tif,78.108,66.921,101.188,0.297,Eph.Heptageniidae
69,FEn17w12D01.4.tif,78.53,50.293,102.225,0.406,Eph.Heptageniidae
70,FEn17w12D01.4.tif,87.585,67.214,104.973,0.239,Eph.Heptageniidae
71,FEn17w12D01.4.tif,85.507,62.471,122.024,0.229,Eph.Heptageniidae
72,FEn17w12D01.4.tif,103.928,91.221,117.744,0.099,Eph.Heptageniidae
73,FEn17w12D01.4.tif,74.872,38.148,100.131,0.184,Eph.Heptageniidae
74,FEn17w12D01.4.tif,64.751,25.916,110.688,1.025,Eph.Heptageniidae
75,FEn17w12D01.4.tif,110.67,70.19,163.655,0.339,Eph.Heptageniidae
76,FEn17w12D01.4.tif,97.231,46.406,154.982,0.447,Eph.Heptageniidae
77,FEn17w12D01.4.tif,74.814,42.775,115.069,0.34,Eph.Heptageniidae
78,FEn17w12D01.5.tif,104.44,64.943,129.987,0.22,Eph.Heptageniidae
79,FEn17w12D01.5.tif,90.082,70.411,102.776,0.136,Eph.Heptageniidae
80,FEn17w12D01.5.tif,94.362,48.775,118.653,0.461,Eph.Heptageniidae
81,FEn17w12D01.5.tif,104.062,85.736,130.049,0.15,Eph.Heptageniidae
82,FEn17w12D01.5.tif,122.077,111.549,139.437,0.059,Eph.Heptageniidae
83,FEn17w12D01.5.tif,78.613,53.351,112.153,0.554,Eph.Heptageniidae
84,FEn17w12D01.5.tif,105.566,89.424,137.14,0.096,Eph.Heptageniidae
85,FEn17w12D01.5.tif,82.146,52.92,110.854,0.408,Eph.Heptageniidae
86,FEn17w12D01.5.tif,91.086,51.321,108.66,0.255,Eph.Heptageniidae
87,FEn17w12D01.5.tif,95.519,78.817,114.333,0.209,Eph.Heptageniidae
88,FEn17w12D01.5.tif,104.11,78.17,157.973,0.186,Eph.Heptageniidae
89,FEn17w12D01.5.tif,143.177,121.646,154.305,0.076,Eph.Heptageniidae
90,FEn17w12D01.5.tif,100.581,76.791,129.667,0.247,Eph.Heptageniidae
91,FEn17w12D01.5.tif,101.612,73.513,155.21,0.36,Eph.Heptageniidae
92,FEn17w12D01.5.tif,93.291,53.366,118.707,0.385,Eph.Heptageniidae
93,FEn17w12D01.6.tif,90.957,64.486,127.711,0.184,Eph.Heptageniidae
94,FEn17w12D01.6.tif,121.74,79.979,143.211,0.17,Eph.Heptageniidae
95,FEn17w12D01.6.tif,129.259,66.181,168.149,0.154,Eph.Heptageniidae
96,FEn17w12D01.6.tif,108.871,89.044,144.436,0.179,Eph.Heptageniidae
97,FEn17w12D01.6.tif,107.38,92.99,122.854,0.105,Eph.Heptageniidae
98,FEn17w12D01.7.tif,62.756,29.684,121.416,0.275,Eph.Heptageniidae
99,FEn17w12D01.7.tif,63.495,32.956,101.17,0.193,Eph.Heptageniidae
1,FEn17w12D01.7.tif,79.341,62.821,114.333,0.149,Eph.Trcorythidae
2,FEn17w12D01.7.tif,82.846,60.667,105.571,0.153,Eph.Trcorythidae
3,FEn17w12D01.7.tif,76.387,29.609,112,0.195,Eph.Trcorythidae
4,FEn17w12D01.7.tif,72.552,60.826,109,0.166,Eph.Trcorythidae
5,FEn17w12D01.7.tif,100.529,72.756,148.667,0.161,Eph.Trcorythidae
6,FEn17w12D01.7.tif,82.816,57.417,117.333,0.245,Eph.Trcorythidae
7,FEn17w12D01.7.tif,77.023,58.853,128.167,0.198,Eph.Trcorythidae
8,FEn17w12D01.7.tif,97.097,83.613,114.933,0.16,Eph.Trcorythidae
9,FEn17w12D01.7.tif,118.423,93.333,139.498,0.131,Eph.Trcorythidae
10,FEn17w12D01.7.tif,82.941,49.643,110.157,0.213,Eph.Trcorythidae
11,FEn17w12D01.7.tif,101.991,26.228,131.944,0.158,Eph.Trcorythidae
12,FEn17w12D01.7.tif,88.83,66.715,111.256,0.149,Eph.Trcorythidae
1,FEn17w12D01.7.tif,85.911,62.845,108.333,0.082,Biv.Corbicula
2,FEn17w12D01.7.tif,114.903,103.921,135.333,0.058,Biv.Corbicula
3,FEn17w12D01.7.tif,100.133,74.953,129.667,0.069,Biv.Corbicula
4,FEn17w12D01.7.tif,87.831,39.622,133.394,0.062,Biv.Corbicula
1,FEn17w12D01.8.tif,34.707,19.212,77.825,1.738,Megaloptera.miscM
2,FEn17w12D01.8.tif,76.576,58.058,105.333,0.578,Od.Damselflies
3,FEn17w12D01.8.tif,53.505,33.518,85.424,1.221,Od.Damselflies
4,FEn17w12D01.8.tif,82.92,55.503,113.423,0.389,Od.Damselflies
5,FEn17w12D01.8.tif,104.057,71.846,122.967,0.189,Od.Damselflies
6,FEn17w12D01.8.tif,104.536,84.675,145.689,0.345,Od.Damselflies
7,FEn17w12D01.8.tif,106.673,87.549,151.324,0.228,Eph.Trcorythidae
1,FEn17w12D01.9.tif,79.665,60.993,114,0.26,Gas.Ancylidae
2,FEn17w12D01.9.tif,91.758,71.124,150.333,0.146,Gas.Ancylidae
3,FEn17w12D01.9.tif,47.597,32.777,75.932,0.485,Gas.Ancylidae
4,FEn17w12D01.9.tif,81.01,66.723,102.865,0.244,Gas.Ancylidae
5,FEn17w12D01.9.tif,80.751,49.135,117.033,0.253,Gas.Ancylidae
6,FEn17w12D01.9.tif,122.967,108.559,157.085,0.147,Gas.Ancylidae
7,FEn17w12D01.9.tif,72.555,52.345,115.671,0.159,Gas.Ancylidae
1,FEn17w12D01.9.tif,81.752,45.166,162.493,0.536,Eph.Baetidae
2,FEn17w12D01.9.tif,136.722,117.108,155.811,0.126,Eph.Heptageniidae
3,FEn17w12D01.9.tif,128.096,95.667,145.9,0.201,Eph.Heptageniidae
4,FEn17w12D01.9.tif,129.066,112.189,155,0.097,Eph.Trcorythidae
1,FEn17w12D01.9.tif,120.498,107.86,128.325,0.149,Od.Damselflies
2,FEn17w12D01.9.tif,131.197,120.058,163,0.15,Od.Damselflies
3,FEn17w12D01.9.tif,135.293,122.704,150.444,0.154,Od.Damselflies
4,FEn17w12D01.9.tif,87.117,71.939,113.333,0.149,Hirudinea.leach
5,FEn17w12D01.9.tif,88.683,80.422,120.751,0.095,Hirudinea.leach
1,FEn17w12D01.10.tif,110.937,90.401,139.331,0.285,Dip.ChironomidaeL
2,FEn17w12D01.10.tif,136.962,100.597,172.877,0.248,Dip.ChironomidaeL
3,FEn17w12D01.10.tif,142.856,80.667,160.325,0.122,Dip.ChironomidaeL
4,FEn17w12D01.10.tif,143.188,99.472,173.804,0.405,Dip.ChironomidaeL
5,FEn17w12D01.10.tif,89.493,66.268,126.333,0.591,Dip.ChironomidaeL
6,FEn17w12D01.10.tif,142.123,90.31,156.39,0.3,Dip.ChironomidaeL
7,FEn17w12D01.10.tif,137.187,114.771,187.333,0.156,Dip.ChironomidaeL
8,FEn17w12D01.10.tif,130.539,99.675,165.146,0.249,Dip.ChironomidaeL
9,FEn17w12D01.10.tif,135.368,92.004,174.792,0.347,Dip.ChironomidaeL
10,FEn17w12D01.10.tif,157.146,103.637,185.419,0.316,Dip.ChironomidaeL
11,FEn17w12D01.10.tif,113.73,92.796,163.862,0.253,Dip.ChironomidaeL
12,FEn17w12D01.10.tif,123.565,92.666,156.667,0.318,Dip.ChironomidaeL
13,FEn17w12D01.10.tif,153.546,112.624,183.558,0.188,Dip.ChironomidaeL
14,FEn17w12D01.10.tif,128.296,85.733,163.877,0.314,Dip.ChironomidaeL
1,FEn17w12D01.10.tif,134.915,112.793,172.333,0.134,Dip.ChironomidaeP
2,FEn17w12D01.10.tif,143.034,106.93,163.12,0.139,Dip.ChironomidaeP
3,FEn17w12D01.10.tif,87.896,45.499,118.333,0.275,Dip.ChironomidaeP
4,FEn17w12D01.10.tif,125.559,75.584,162.396,0.157,Dip.ChironomidaeP
5,FEn17w12D01.10.tif,136.623,82.725,161.869,0.16,Dip.ChironomidaeP
6,FEn17w12D01.10.tif,89.414,66.553,140.545,0.188,Col.ElmL
7,FEn17w12D01.10.tif,88.646,63.014,120.714,0.586,Col.ElmL
1,FEn17w12D01.10.tif,72.592,50.923,113.675,0.236,Tri.Leptoceridae
2,FEn17w12D01.10.tif,128.142,100.566,144.053,0.202,Tri.Polycentropidae
3,FEn17w12D01.10.tif,119.654,88.478,142.457,0.315,Tri.Polycentropidae
4,FEn17w12D01.10.tif,111.686,87.273,166.922,0.284,Tri.Polycentropidae
1,FEn17w12D01.11.tif,113.307,56.435,148.608,0.256,Dip.ChironomidaeP
2,FEn17w12D01.11.tif,126.323,104.807,152.333,0.177,Dip.ChironomidaeP
3,FEn17w12D01.11.tif,145.184,136.675,152.498,0.125,Dip.ChironomidaeP
4,FEn17w12D01.11.tif,139.699,122.172,155.349,0.07,Dip.ChironomidaeP
5,FEn17w12D01.11.tif,111.597,79.673,134.873,0.311,Dip.ChironomidaeP
6,FEn17w12D01.11.tif,117.633,75.851,146.478,0.25,Dip.ChironomidaeP
7,FEn17w12D01.11.tif,133.902,96.657,168.012,0.191,Dip.ChironomidaeP
8,FEn17w12D01.11.tif,119.748,86.817,144.978,0.37,Dip.ChironomidaeP
9,FEn17w12D01.11.tif,127.823,93.866,156.427,0.328,Dip.ChironomidaeP
10,FEn17w12D01.11.tif,139.228,96.187,166.96,0.17,Dip.ChironomidaeP
11,FEn17w12D01.11.tif,117.354,58.692,149.642,0.208,Dip.ChironomidaeP
12,FEn17w12D01.11.tif,123.536,78.371,157.643,0.402,Dip.ChironomidaeP
13,FEn17w12D01.11.tif,106.733,72.501,151.951,0.121,Dip.ChironomidaeP
14,FEn17w12D01.11.tif,106.78,81.852,127.097,0.209,Dip.ChironomidaeP
15,FEn17w12D01.11.tif,114.121,76.072,154.144,0.339,Dip.ChironomidaeP
16,FEn17w12D01.11.tif,112.759,82.577,132.161,0.341,Dip.ChironomidaeP
17,FEn17w12D01.11.tif,112.383,72.822,141.909,0.537,Dip.ChironomidaeP
18,FEn17w12D01.11.tif,143.22,118.756,178,0.29,Dip.ChironomidaeP
19,FEn17w12D01.11.tif,135.003,94.11,165.333,0.166,Dip.ChironomidaeP
1,FEn17w12D01.11.tif,96.168,64,126.526,0.184,Dip.ChironomidaeL
2,FEn17w12D01.11.tif,116.804,71.276,159.269,0.249,Dip.ChironomidaeL
3,FEn17w12D01.11.tif,134.531,80.596,166.588,0.242,Dip.ChironomidaeL
4,FEn17w12D01.11.tif,128.741,67.941,167.471,0.131,Dip.ChironomidaeL
5,FEn17w12D01.11.tif,136.087,111.006,198.214,0.175,Dip.ChironomidaeL
6,FEn17w12D01.11.tif,116.346,64.838,139.897,0.148,Dip.ChironomidaeL
7,FEn17w12D01.11.tif,124.101,71,164.313,0.236,Dip.ChironomidaeL
8,FEn17w12D01.11.tif,98.259,52.611,161,0.277,Dip.ChironomidaeL
1,FEn17w12D01.11.tif,74.924,35.215,152.85,0.454,Col.ElmL
2,FEn17w12D01.11.tif,90.316,67.668,119.333,0.139,Copepoda.Cyclopoida
3,FEn17w12D01.11.tif,87.123,62.895,143.174,0.236,Hirudinea.leach
4,FEn17w12D01.11.tif,136.534,90.737,194.212,0.193,Tri.Polycentropidae
1,FEn17w12D01.12.tif,108.036,76.741,119.973,0.092,Dip.ChironomidaeL
2,FEn17w12D01.12.tif,137.255,110.985,158.9,0.171,Dip.ChironomidaeL
3,FEn17w12D01.12.tif,118.842,87.331,149.667,0.353,Dip.ChironomidaeL
4,FEn17w12D01.12.tif,110.825,81.138,137.603,0.205,Dip.ChironomidaeL
5,FEn17w12D01.12.tif,133.713,80.933,165.132,0.242,Dip.ChironomidaeL
6,FEn17w12D01.12.tif,127.742,91.421,153.121,0.408,Dip.ChironomidaeL
7,FEn17w12D01.12.tif,126.271,101.436,154.454,0.166,Dip.ChironomidaeL
8,FEn17w12D01.12.tif,171.686,142.608,184.933,0.16,Dip.ChironomidaeL
9,FEn17w12D01.12.tif,154.083,122.685,170.18,0.213,Dip.ChironomidaeL
10,FEn17w12D01.12.tif,125.321,97.654,165.767,0.249,Dip.ChironomidaeL
11,FEn17w12D01.12.tif,107.853,79.987,147,0.209,Dip.ChironomidaeL
12,FEn17w12D01.12.tif,135.109,103.28,158.968,0.179,Dip.ChironomidaeL
13,FEn17w12D01.12.tif,137.339,94.098,172.433,0.312,Dip.ChironomidaeL
14,FEn17w12D01.12.tif,123.404,56.052,156.439,0.381,Dip.ChironomidaeL
15,FEn17w12D01.12.tif,96.15,66.266,122.654,0.308,Dip.ChironomidaeL
16,FEn17w12D01.12.tif,130.693,85.585,161.682,0.232,Dip.ChironomidaeL
17,FEn17w12D01.12.tif,90.287,68.151,125.09,0.163,Gas.Ancylidae
1,FEn17w12D01.12.tif,137.49,101.575,160.3,0.164,Tri.Polycentropidae
2,FEn17w12D01.12.tif,93.379,44.29,166.749,0.469,Tri.Polycentropidae
3,FEn17w12D01.12.tif,113.484,94.179,149.842,0.204,Tri.Polycentropidae
4,FEn17w12D01.12.tif,123.332,99.278,137.401,0.13,Tri.Leptoceridae
5,FEn17w12D01.12.tif,105.611,79.996,143.484,0.132,Eph.Heptageniidae
1,FEn17w12D01.13.tif,132.128,110.288,185.333,0.334,Tri.Polycentropidae
3,FEn17w12D01.13.tif,138.239,101.387,164.467,0.3,Tri.Polycentropidae
4,FEn17w12D01.13.tif,140.9,112.968,160.976,0.087,Eph.Trcorythidae
5,FEn17w12D01.13.tif,77.541,54.617,93,0.192,FLAT WORMS
1,FEn17w12A01.1.tif,27.894,10.121,166.113,1.272,Od.Damselflies
2,FEn17w12A01.1.tif,69.732,35.19,255,0.379,Od.Damselflies
3,FEn17w12A01.1.tif,111.457,85.878,150.443,0.21,Od.Damselflies
4,FEn17w12A01.1.tif,136.64,115.053,167.274,0.185,Od.Damselflies
1,FEn17w12A01.1.tif,31.699,15.539,94.024,0.224,Col.Elm.A
2,FEn17w12A01.1.tif,52.557,14.06,117.457,0.206,Isopoda.miscI
3,FEn17w12A01.1.tif,36.954,22.101,84.78,0.168,Isopoda.miscI
4,FEn17w12A01.1.tif,151.113,139.204,192.536,0.085,Biv.Corbicula
1,FEn17w12A01.1.tif,103.642,76.701,128.371,0.197,Eph.Trcorythidae
2,FEn17w12A01.1.tif,99.195,75.338,117.462,0.223,Eph.Trcorythidae
3,FEn17w12A01.1.tif,104.781,59.456,168.835,0.248,Eph.Trcorythidae
4,FEn17w12A01.1.tif,130.237,85.704,167.594,0.173,Eph.Trcorythidae
5,FEn17w12A01.1.tif,90.145,74.629,116.406,0.166,Eph.Trcorythidae
6,FEn17w12A01.1.tif,90.482,66.467,106.023,0.133,Eph.Trcorythidae
7,FEn17w12A01.1.tif,83.532,54.354,116.675,0.212,Eph.Trcorythidae
8,FEn17w12A01.1.tif,86.624,64.279,102.49,0.198,Eph.Trcorythidae
9,FEn17w12A01.1.tif,103.314,83.263,141.293,0.192,Eph.Trcorythidae
10,FEn17w12A01.1.tif,125.368,82.984,214.445,0.223,Eph.Trcorythidae
11,FEn17w12A01.1.tif,121.41,99.522,163.372,0.15,Eph.Trcorythidae
12,FEn17w12A01.1.tif,133.389,108.285,170,0.136,Eph.Trcorythidae
1,FEn17w12A01.2.tif,100.093,66.552,128.072,0.343,Dip.ChironomidaeL
2,FEn17w12A01.2.tif,120.331,77.099,150.92,0.298,Dip.ChironomidaeL
3,FEn17w12A01.2.tif,86.894,47.942,132.102,0.391,Dip.ChironomidaeL
4,FEn17w12A01.2.tif,82.228,44.609,138,0.387,Dip.ChironomidaeL
5,FEn17w12A01.2.tif,72.949,41.947,99.834,0.198,Dip.ChironomidaeL
6,FEn17w12A01.2.tif,93.049,46.087,125.224,0.302,Dip.ChironomidaeL
7,FEn17w12A01.2.tif,84.282,57.778,124.71,0.156,Dip.ChironomidaeL
8,FEn17w12A01.2.tif,102.526,58.107,150.552,0.363,Dip.ChironomidaeL
9,FEn17w12A01.2.tif,115.313,83.147,151.554,0.284,Dip.ChironomidaeL
10,FEn17w12A01.2.tif,92.551,64.105,119.051,0.341,Dip.ChironomidaeL
11,FEn17w12A01.2.tif,117.275,86.109,170.972,0.296,Dip.ChironomidaeL
12,FEn17w12A01.2.tif,105.228,77.617,139.187,0.258,Dip.ChironomidaeL
13,FEn17w12A01.2.tif,119.615,67.655,182.674,0.612,Dip.ChironomidaeL
14,FEn17w12A01.2.tif,132.968,85.68,169.192,0.329,Dip.ChironomidaeL
15,FEn17w12A01.2.tif,151.819,111.461,185.88,0.247,Dip.ChironomidaeL
16,FEn17w12A01.2.tif,114.87,80.865,134,0.371,Dip.ChironomidaeL
17,FEn17w12A01.2.tif,108.872,69.612,206.871,0.388,Dip.ChironomidaeL
18,FEn17w12A01.2.tif,105.421,63.216,162.768,0.309,Dip.ChironomidaeL
19,FEn17w12A01.2.tif,132.617,90.14,184,0.209,Dip.ChironomidaeL
20,FEn17w12A01.2.tif,140.17,101.655,175.307,0.388,Dip.ChironomidaeL
21,FEn17w12A01.2.tif,163.877,122.294,187.392,0.155,Dip.ChironomidaeL
22,FEn17w12A01.2.tif,118.991,85.694,183.514,0.333,Dip.ChironomidaeL
23,FEn17w12A01.2.tif,133.661,104.283,166.59,0.134,Dip.ChironomidaeL
24,FEn17w12A01.2.tif,125.955,90.941,159.256,0.184,Dip.ChironomidaeL
25,FEn17w12A01.2.tif,105.003,76.398,141.717,0.391,Dip.ChironomidaeL
26,FEn17w12A01.2.tif,147.166,97.747,173.881,0.194,Dip.ChironomidaeL
27,FEn17w12A01.2.tif,134.549,104.992,167.542,0.335,Dip.ChironomidaeL
1,FEn17w12A01.3.tif,133.463,105.464,187.921,0.32,Dip.ChironomidaeL
2,FEn17w12A01.3.tif,100.642,46.756,149.215,0.247,Dip.ChironomidaeL
3,FEn17w12A01.3.tif,131.542,78.099,165.061,0.523,Dip.ChironomidaeL
4,FEn17w12A01.3.tif,137.87,93.719,172.862,0.172,Dip.ChironomidaeL
5,FEn17w12A01.3.tif,139.838,115.089,168,0.233,Dip.ChironomidaeL
1,FEn17w12A01.3.tif,124.552,74.045,183.578,0.286,Dip.ChironomidaeP
2,FEn17w12A01.3.tif,121.476,70.543,215.667,0.141,Dip.ChironomidaeP
3,FEn17w12A01.3.tif,135.027,88.551,172,0.198,Dip.ChironomidaeP
4,FEn17w12A01.3.tif,89.935,51.039,154.563,0.366,Dip.ChironomidaeP
5,FEn17w12A01.3.tif,125.541,76.701,162.104,0.172,Dip.ChironomidaeP
1,FEn17w12A01.3.tif,95.71,57.662,121.713,0.393,Tri.Polycentropidae
2,FEn17w12A01.3.tif,101.677,54.516,156.662,0.477,Tri.Polycentropidae
3,FEn17w12A01.3.tif,126.183,76.943,177.333,0.311,Tri.Polycentropidae
4,FEn17w12A01.3.tif,135.806,99.446,168,0.15,Tri.Polycentropidae
5,FEn17w12A01.3.tif,101.673,70.464,126.08,0.233,Tri.Polycentropidae
6,FEn17w12A01.3.tif,106.191,80.393,137,0.121,Tri.Polycentropidae
7,FEn17w12A01.3.tif,104.808,76.482,142.214,0.556,Tri.Polycentropidae
8,FEn17w12A01.3.tif,136.701,87.374,169.865,0.289,Tri.Polycentropidae
9,FEn17w12A01.3.tif,118.03,59.406,255,0.457,Tri.Polycentropidae
10,FEn17w12A01.3.tif,103.462,53.568,153.361,0.384,Tri.Polycentropidae
11,FEn17w12A01.3.tif,86.378,53.407,135.909,0.372,Tri.Polycentropidae
1,FEn17w12A01.3.tif,122.776,84.497,165.557,0.113,Dip.ChironomidaeL
2,FEn17w12A01.3.tif,101.717,73.656,126.923,0.126,Dip.ChironomidaeL
3,FEn17w12A01.3.tif,98.266,61.41,130.745,0.138,Dip.ChironomidaeL
4,FEn17w12A01.3.tif,138.045,98.463,166.779,0.138,Tri.Hydroptilidae
1,FEn17w12A01.4.tif,80.625,45.84,166.667,0.598,Eph.Heptageniidae
2,FEn17w12A01.4.tif,118.416,81.036,241.616,0.163,Eph.Heptageniidae
3,FEn17w12A01.4.tif,153.604,100,200.905,0.137,Eph.Heptageniidae
4,FEn17w12A01.4.tif,125.276,60.719,254.543,0.491,Eph.Heptageniidae
5,FEn17w12A01.4.tif,122.689,67.455,173.345,0.218,Eph.Heptageniidae
6,FEn17w12A01.4.tif,155.142,56.422,237.388,0.295,Eph.Heptageniidae
7,FEn17w12A01.4.tif,115.871,75.072,154.15,0.354,Eph.Heptageniidae
8,FEn17w12A01.4.tif,86.266,53.393,127.192,0.457,Eph.Heptageniidae
9,FEn17w12A01.4.tif,135.675,71.062,182.417,0.311,Eph.Heptageniidae
10,FEn17w12A01.4.tif,138.461,70.018,186.114,0.342,Eph.Heptageniidae
11,FEn17w12A01.4.tif,175.934,128,251,0.107,Eph.Heptageniidae
12,FEn17w12A01.4.tif,165.345,47.804,220.233,0.397,Eph.Heptageniidae
13,FEn17w12A01.4.tif,179.823,121.351,237.347,0.16,Eph.Heptageniidae
14,FEn17w12A01.4.tif,140.118,90.819,248.806,0.178,Eph.Heptageniidae
15,FEn17w12A01.4.tif,118.23,60.883,191.374,0.26,Eph.Heptageniidae
16,FEn17w12A01.4.tif,131.864,82.986,170,0.212,Eph.Heptageniidae
17,FEn17w12A01.4.tif,126.975,55.436,255,0.375,Eph.Heptageniidae
18,FEn17w12A01.4.tif,85.674,43.626,125.616,0.319,Eph.Heptageniidae
19,FEn17w12A01.4.tif,67.827,22.833,197.8,0.388,Eph.Heptageniidae
20,FEn17w12A01.4.tif,88.075,48.095,223.361,0.319,Eph.Heptageniidae
1,FEn17w12A01.5.tif,73.858,45.127,123.478,0.225,Eph.Heptageniidae
2,FEn17w12A01.5.tif,127.076,43.858,174.605,0.274,Eph.Heptageniidae
3,FEn17w12A01.5.tif,115.44,84.726,196.539,0.1,Eph.Heptageniidae
4,FEn17w12A01.5.tif,102.975,51.991,177.377,0.451,Eph.Heptageniidae
5,FEn17w12A01.5.tif,166.343,110.447,252.583,0.217,Eph.Heptageniidae
6,FEn17w12A01.5.tif,116.549,67.335,166.203,0.506,Eph.Heptageniidae
7,FEn17w12A01.5.tif,91.738,59.449,125.86,0.572,Eph.Heptageniidae
8,FEn17w12A01.5.tif,110.757,49.885,160.928,0.352,Eph.Heptageniidae
9,FEn17w12A01.5.tif,117.795,69.758,178.275,0.369,Eph.Heptageniidae
10,FEn17w12A01.5.tif,133.033,101.52,153.489,0.155,Eph.Heptageniidae
11,FEn17w12A01.5.tif,155.506,87.965,212.164,0.311,Eph.Heptageniidae
12,FEn17w12A01.5.tif,180.083,113.363,241.37,0.175,Eph.Heptageniidae
13,FEn17w12A01.5.tif,147.405,100.974,212.333,0.151,Eph.Heptageniidae
14,FEn17w12A01.5.tif,98.126,60.852,180.822,0.202,Eph.Heptageniidae
15,FEn17w12A01.6.tif,84.153,43.805,179.667,0.344,Eph.Heptageniidae
16,FEn17w12A01.6.tif,109.15,44.92,216.943,0.239,Eph.Heptageniidae
17,FEn17w12A01.6.tif,129.54,74.744,176.322,0.242,Eph.Heptageniidae
18,FEn17w12A01.6.tif,110.959,47.327,159,0.318,Eph.Heptageniidae
19,FEn17w12A01.6.tif,89.93,62.901,142.526,0.227,Eph.Heptageniidae
20,FEn17w12A01.6.tif,96.936,70.332,134.374,0.289,Eph.Heptageniidae
21,FEn17w12A01.6.tif,114.726,76.251,171.835,0.173,Eph.Heptageniidae
22,FEn17w12A01.6.tif,103.508,74.964,147.922,0.189,Eph.Heptageniidae
23,FEn17w12A01.6.tif,127.883,71,170.958,0.256,Eph.Heptageniidae
24,FEn17w12A01.6.tif,138.56,63,184.009,0.332,Eph.Heptageniidae
25,FEn17w12A01.6.tif,99.854,57.066,134.102,0.147,Eph.Heptageniidae
26,FEn17w12A01.6.tif,101.642,64.633,169.667,0.277,Eph.Heptageniidae
27,FEn17w12A01.6.tif,126.466,80.508,220.217,0.195,Eph.Heptageniidae
28,FEn17w12A01.6.tif,82.256,29.202,175.609,0.789,Eph.Heptageniidae
29,FEn17w12A01.6.tif,147.389,105.472,235,0.26,Eph.Heptageniidae
30,FEn17w12A01.6.tif,110.718,50.669,227.018,0.288,Eph.Heptageniidae
31,FEn17w12A01.6.tif,156.574,118.333,211.406,0.139,Eph.Heptageniidae
32,FEn17w12A01.6.tif,109.193,60.361,232.667,0.531,Eph.Heptageniidae
33,FEn17w12A01.7.tif,89.94,31.238,153.986,0.292,Eph.Heptageniidae
34,FEn17w12A01.7.tif,74.722,41.208,145,0.326,Eph.Heptageniidae
35,FEn17w12A01.7.tif,126.455,71.488,174.333,0.202,Eph.Heptageniidae
36,FEn17w12A01.7.tif,103.814,49.428,197.645,0.452,Eph.Heptageniidae
37,FEn17w12A01.7.tif,165.721,70.481,244.984,0.356,Eph.Heptageniidae
38,FEn17w12A01.7.tif,143.392,95.392,244.91,0.359,Eph.Heptageniidae
39,FEn17w12A01.7.tif,109.321,37.108,246.456,0.378,Eph.Heptageniidae
40,FEn17w12A01.7.tif,175.577,53.692,255,0.228,Eph.Heptageniidae
41,FEn17w12A01.7.tif,190.446,129.423,236.134,0.168,Eph.Heptageniidae
42,FEn17w12A01.7.tif,147.946,84.242,221.436,0.132,Eph.Heptageniidae
43,FEn17w12A01.7.tif,90.249,53.895,180.333,0.156,Eph.Heptageniidae
44,FEn17w12A01.7.tif,103.73,45.697,161.838,0.239,Eph.Heptageniidae
45,FEn17w12A01.7.tif,106.563,74.382,211,0.417,Eph.Heptageniidae
46,FEn17w12A01.7.tif,173.947,120.519,254.95,0.132,Eph.Heptageniidae
47,FEn17w12A01.7.tif,149.199,81.793,224.177,0.227,Eph.Heptageniidae
48,FEn17w12A01.7.tif,102.965,36.156,162.667,0.457,Eph.Heptageniidae
49,FEn17w12A01.7.tif,107.485,81.587,129.463,0.28,Eph.Heptageniidae
50,FEn17w12A01.7.tif,89.619,65.667,140.333,0.372,Eph.Heptageniidae
51,FEn17w12A01.7.tif,91.798,50.702,148.207,0.144,Eph.Heptageniidae
52,FEn17w12A01.7.tif,118.43,60.298,173.451,0.317,Eph.Heptageniidae
53,FEn17w12A01.7.tif,97.882,59.751,159.388,0.234,Eph.Heptageniidae
54,FEn17w12A01.8.tif,82.515,54.402,172.667,0.266,Eph.Heptageniidae
55,FEn17w12A01.8.tif,85.356,58.811,128.333,0.148,Eph.Heptageniidae
56,FEn17w12A01.8.tif,78.217,26.474,175.975,0.49,Eph.Heptageniidae
57,FEn17w12A01.8.tif,76.872,44.395,113.118,0.192,Eph.Heptageniidae
58,FEn17w12A01.8.tif,114.173,46.62,184.908,0.17,Eph.Heptageniidae
59,FEn17w12A01.8.tif,159.557,88.695,227.47,0.162,Eph.Heptageniidae
60,FEn17w12A01.8.tif,157.065,57.688,246.545,0.227,Eph.Heptageniidae
61,FEn17w12A01.8.tif,129.031,44.416,172,0.227,Eph.Heptageniidae
62,FEn17w12A01.8.tif,140.156,79.368,220.093,0.383,Eph.Heptageniidae
63,FEn17w12A01.8.tif,130.642,63.388,201.992,0.209,Eph.Heptageniidae
64,FEn17w12A01.8.tif,139.851,98.818,245.333,0.267,Eph.Heptageniidae
65,FEn17w12A01.8.tif,129.225,64.153,194.379,0.184,Eph.Heptageniidae
66,FEn17w12A01.8.tif,119.594,81.356,160.216,0.153,Eph.Heptageniidae
67,FEn17w12A01.8.tif,125.358,78.916,177.333,0.324,Eph.Heptageniidae
68,FEn17w12A01.8.tif,125.676,69.67,202.533,0.186,Eph.Heptageniidae
69,FEn17w12A01.8.tif,166.07,121.523,209.85,0.125,Eph.Heptageniidae
70,FEn17w12A01.8.tif,141.423,100.091,174.383,0.055,Eph.Heptageniidae
71,FEn17w12A01.8.tif,123.602,93.687,185.744,0.133,Eph.Heptageniidae
72,FEn17w12A01.8.tif,115.134,60.196,199.529,0.237,Eph.Heptageniidae
73,FEn17w12A01.8.tif,140.63,101.485,194.672,0.141,Eph.Heptageniidae
74,FEn17w12A01.8.tif,122,82.758,184.778,0.195,Eph.Heptageniidae
75,FEn17w12A01.8.tif,117.589,63.368,202.299,0.217,Eph.Heptageniidae
76,FEn17w12A01.8.tif,108.029,73.705,163,0.164,Eph.Heptageniidae
77,FEn17w12A01.8.tif,86.113,44.676,131.095,0.25,Eph.Heptageniidae
78,FEn17w12A01.8.tif,79.939,50.689,106.797,0.34,Eph.Heptageniidae
79,FEn17w12A01.9.tif,154.77,96.02,196.945,0.136,Eph.Heptageniidae
80,FEn17w12A01.9.tif,120.28,51.491,180.417,0.298,Eph.Heptageniidae
81,FEn17w12A01.9.tif,139.781,87.639,219.32,0.111,Eph.Heptageniidae
82,FEn17w12A01.9.tif,158.85,94.489,223.001,0.143,Eph.Heptageniidae
83,FEn17w12A01.9.tif,125.149,77.162,146.605,0.096,Eph.Heptageniidae
84,FEn17w12A01.9.tif,166.787,110.517,205.395,0.391,Dip.ChironomidaeL
1,FEn17w12D03.1.tif,73.107,47.986,99.901,0.138,Eph.Heptageniidae
2,FEn17w12D03.1.tif,90.337,69.702,109.199,0.203,Eph.Heptageniidae
3,FEn17w12D03.1.tif,78.589,60.167,154.458,0.201,Eph.Heptageniidae
4,FEn17w12D03.1.tif,84.226,32.076,105.978,0.252,Eph.Heptageniidae
5,FEn17w12D03.1.tif,54.049,22.134,92.667,0.39,Eph.Heptageniidae
6,FEn17w12D03.1.tif,86.551,66.268,118.033,0.131,Eph.Heptageniidae
7,FEn17w12D03.1.tif,73.046,49.689,116.376,0.385,Eph.Heptageniidae
8,FEn17w12D03.1.tif,111.728,74.057,127.259,0.135,Eph.Heptageniidae
9,FEn17w12D03.1.tif,86.819,63.643,108.321,0.339,Eph.Heptageniidae
10,FEn17w12D03.1.tif,80.868,33.919,106.226,0.239,Eph.Heptageniidae
11,FEn17w12D03.1.tif,71.407,33.626,137.748,0.599,Eph.Heptageniidae
12,FEn17w12D03.1.tif,105.004,74.83,145.17,0.168,Eph.Heptageniidae
13,FEn17w12D03.1.tif,89.158,61.819,134.327,0.434,Eph.Heptageniidae
14,FEn17w12D03.1.tif,70.178,34.215,106.228,0.363,Eph.Heptageniidae
15,FEn17w12D03.1.tif,75.303,57.619,102.901,0.37,Eph.Heptageniidae
16,FEn17w12D03.1.tif,75.049,45.871,143.592,0.736,Eph.Heptageniidae
17,FEn17w12D03.1.tif,73.861,46.737,147.748,0.18,Eph.Heptageniidae
18,FEn17w12D03.2.tif,73.133,49.551,102.042,0.19,Eph.Heptageniidae
19,FEn17w12D03.2.tif,83.153,48.708,123.009,0.223,Eph.Heptageniidae
20,FEn17w12D03.2.tif,74.017,41.208,112.389,0.149,Eph.Heptageniidae
21,FEn17w12D03.2.tif,59.664,34.826,86.492,0.313,Eph.Heptageniidae
22,FEn17w12D03.2.tif,44.512,18.071,117.972,0.355,Eph.Heptageniidae
23,FEn17w12D03.2.tif,77.099,45.259,97.403,0.51,Eph.Heptageniidae
24,FEn17w12D03.2.tif,76.888,46.341,101.495,0.273,Eph.Heptageniidae
25,FEn17w12D03.2.tif,90.558,45.185,126.625,0.432,Eph.Heptageniidae
26,FEn17w12D03.2.tif,66.46,21.28,136.814,0.511,Eph.Heptageniidae
27,FEn17w12D03.2.tif,99.304,71.405,146.815,0.096,Eph.Heptageniidae
28,FEn17w12D03.2.tif,91.87,60.479,120.292,0.311,Eph.Heptageniidae
29,FEn17w12D03.2.tif,82.568,45.192,108.451,0.387,Eph.Heptageniidae
30,FEn17w12D03.2.tif,80.483,45.743,141.919,0.214,Eph.Heptageniidae
31,FEn17w12D03.2.tif,94.743,50.049,254.901,0.395,Eph.Heptageniidae
32,FEn17w12D03.3.tif,91.634,72.358,114.466,0.104,Eph.Heptageniidae
33,FEn17w12D03.3.tif,79.628,31.248,100.959,0.105,Eph.Heptageniidae
34,FEn17w12D03.3.tif,73.328,47.965,108.177,0.547,Eph.Heptageniidae
35,FEn17w12D03.3.tif,82.195,57.333,94.061,0.15,Eph.Heptageniidae
36,FEn17w12D03.3.tif,112.88,94.585,140.458,0.096,Eph.Heptageniidae
37,FEn17w12D03.3.tif,96.091,51.471,116.884,0.219,Eph.Heptageniidae
38,FEn17w12D03.3.tif,83.236,59.01,147.121,0.174,Eph.Heptageniidae
39,FEn17w12D03.3.tif,77.661,39.19,109.738,0.196,Eph.Heptageniidae
40,FEn17w12D03.3.tif,108.409,87.417,118.029,0.198,Eph.Heptageniidae
41,FEn17w12D03.3.tif,71.654,52.267,97.465,0.201,Eph.Heptageniidae
42,FEn17w12D03.3.tif,85.263,35.527,128.667,0.177,Eph.Heptageniidae
43,FEn17w12D03.3.tif,89.909,37.486,123.617,0.158,Eph.Heptageniidae
44,FEn17w12D03.3.tif,96.306,42.651,124.669,0.31,Eph.Heptageniidae
45,FEn17w12D03.3.tif,82.437,63.234,115.507,0.17,Eph.Heptageniidae
46,FEn17w12D03.3.tif,98.903,71.613,134.561,0.201,Eph.Heptageniidae
47,FEn17w12D03.3.tif,109.458,82.756,128.497,0.119,Eph.Heptageniidae
48,FEn17w12D03.3.tif,107.287,62.666,140.679,0.164,Eph.Heptageniidae
49,FEn17w12D03.3.tif,118.949,78.49,135.839,0.22,Eph.Heptageniidae
50,FEn17w12D03.3.tif,90.217,58.688,123.669,0.295,Eph.Heptageniidae
51,FEn17w12D03.3.tif,90.721,52.07,143.552,0.452,Eph.Heptageniidae
52,FEn17w12D03.3.tif,126.473,94.754,159.429,0.145,Eph.Heptageniidae
53,FEn17w12D03.4.tif,47.597,23.751,126.752,0.307,Eph.Heptageniidae
54,FEn17w12D03.4.tif,74.399,39.928,116.458,0.129,Eph.Heptageniidae
55,FEn17w12D03.4.tif,91.036,66.955,123.705,0.125,Eph.Heptageniidae
56,FEn17w12D03.4.tif,83.079,62.03,97.973,0.188,Eph.Heptageniidae
57,FEn17w12D03.4.tif,87.221,52.794,111.924,0.275,Eph.Heptageniidae
58,FEn17w12D03.4.tif,93.153,41.959,121.693,0.336,Eph.Heptageniidae
59,FEn17w12D03.4.tif,80.548,28.728,114.227,0.391,Eph.Heptageniidae
60,FEn17w12D03.4.tif,95.015,56.904,124.803,0.559,Eph.Heptageniidae
61,FEn17w12D03.4.tif,81.877,54.697,136.544,0.356,Eph.Heptageniidae
62,FEn17w12D03.4.tif,111.672,56.31,158,0.282,Eph.Heptageniidae
63,FEn17w12D03.4.tif,101.158,71.704,130.537,0.158,Eph.Heptageniidae
64,FEn17w12D03.4.tif,81.206,45.762,122.185,0.15,Eph.Heptageniidae
65,FEn17w12D03.4.tif,104.613,50.759,152.601,0.103,Eph.Heptageniidae
66,FEn17w12D03.5.tif,69.61,45.654,93.033,0.088,Eph.Heptageniidae
67,FEn17w12D03.5.tif,71.893,38.3,134.123,0.166,Eph.Heptageniidae
68,FEn17w12D03.5.tif,87.357,58.434,116.3,0.181,Eph.Heptageniidae
69,FEn17w12D03.5.tif,91.798,68.613,163.333,0.186,Eph.Heptageniidae
70,FEn17w12D03.5.tif,80.531,45.742,171.443,0.367,Eph.Heptageniidae
71,FEn17w12D03.5.tif,93.002,46.333,139.667,0.101,Eph.Heptageniidae
72,FEn17w12D03.5.tif,95.529,59.789,114.019,0.381,Eph.Heptageniidae
73,FEn17w12D03.5.tif,115.186,87.083,176.103,0.112,Eph.Heptageniidae
74,FEn17w12D03.5.tif,62.533,28.933,157.333,0.286,Eph.Heptageniidae
75,FEn17w12D03.5.tif,72.451,35.864,137,0.31,Eph.Heptageniidae
76,FEn17w12D03.5.tif,68.702,49.51,84.913,0.187,Eph.Heptageniidae
77,FEn17w12D03.5.tif,74.945,28.035,111.667,0.218,Eph.Heptageniidae
78,FEn17w12D03.5.tif,97.031,62.895,143.585,0.155,Eph.Heptageniidae
79,FEn17w12D03.5.tif,57.767,23.827,88.876,0.303,Eph.Heptageniidae
80,FEn17w12D03.5.tif,85.555,62.399,128.35,0.103,Eph.Heptageniidae
81,FEn17w12D03.6.tif,74.819,43.385,104.116,0.238,Eph.Heptageniidae
82,FEn17w12D03.6.tif,79.625,46.146,100.914,0.169,Eph.Heptageniidae
83,FEn17w12D03.6.tif,72.916,41.241,119.093,0.198,Eph.Heptageniidae
84,FEn17w12D03.6.tif,76.82,52.809,108.796,0.209,Eph.Heptageniidae
85,FEn17w12D03.6.tif,82.987,46.767,101.647,0.308,Eph.Heptageniidae
86,FEn17w12D03.6.tif,80.379,54.179,131,0.519,Eph.Heptageniidae
87,FEn17w12D03.6.tif,78.762,39.005,112.367,0.143,Eph.Heptageniidae
88,FEn17w12D03.6.tif,96.05,37.415,136.913,0.296,Eph.Heptageniidae
89,FEn17w12D03.6.tif,99.369,70.831,136.833,0.203,Eph.Heptageniidae
90,FEn17w12D03.6.tif,95.868,62.315,139.587,0.153,Eph.Heptageniidae
91,FEn17w12D03.6.tif,80.352,54.69,114,0.108,Eph.Heptageniidae
92,FEn17w12D03.6.tif,106.493,75.82,124.89,0.159,Eph.Heptageniidae
93,FEn17w12D03.6.tif,56.464,28.236,90.81,0.371,Eph.Heptageniidae
94,FEn17w12D03.6.tif,79.661,56.934,115.662,0.423,Eph.Heptageniidae
95,FEn17w12D03.6.tif,65.523,52.711,86.867,0.08,Eph.Heptageniidae
96,FEn17w12D03.6.tif,47.48,19.184,86.753,0.421,Eph.Heptageniidae
97,FEn17w12D03.6.tif,67.748,31.915,108.5,0.407,Eph.Heptageniidae
98,FEn17w12D03.6.tif,55.468,27.541,90.828,0.241,Eph.Heptageniidae
99,FEn17w12D03.7.tif,45.148,28.131,81.451,0.508,Eph.Heptageniidae
100,FEn17w12D03.7.tif,57.584,28.847,87.045,0.333,Eph.Heptageniidae
101,FEn17w12D03.7.tif,65.379,32.845,99.008,0.425,Eph.Heptageniidae
102,FEn17w12D03.7.tif,77.127,44.254,109.263,0.202,Eph.Heptageniidae
103,FEn17w12D03.7.tif,57.987,22.371,105.703,0.452,Eph.Heptageniidae
104,FEn17w12D03.7.tif,95.905,70.451,160.872,0.218,Eph.Heptageniidae
105,FEn17w12D03.7.tif,84.844,36.849,139.667,0.239,Eph.Heptageniidae
106,FEn17w12D03.7.tif,101.675,75.977,154.333,0.175,Eph.Heptageniidae
107,FEn17w12D03.7.tif,91.016,26.731,155.986,0.373,Eph.Heptageniidae
108,FEn17w12D03.7.tif,108.289,56.124,161.32,0.219,Eph.Heptageniidae
109,FEn17w12D03.7.tif,56.608,23.913,94.916,0.199,Eph.Heptageniidae
110,FEn17w12D03.7.tif,93.034,72.712,102.946,0.142,Eph.Heptageniidae
111,FEn17w12D03.7.tif,74.276,48.096,102.226,0.174,Eph.Heptageniidae
112,FEn17w12D03.7.tif,70.688,33.052,128.667,0.34,Eph.Heptageniidae
113,FEn17w12D03.7.tif,82.645,49.278,107.434,0.253,Eph.Heptageniidae
114,FEn17w12D03.7.tif,73.007,64.988,78.868,0.1,Eph.Heptageniidae
115,FEn17w12D03.7.tif,94.323,78.667,109.302,0.165,Eph.Heptageniidae
116,FEn17w12D03.8.tif,91.119,47.985,109.561,0.267,Eph.Heptageniidae
117,FEn17w12D03.8.tif,61.897,26.96,103.698,0.342,Eph.Heptageniidae
118,FEn17w12D03.8.tif,66.298,36.811,85.632,0.174,Eph.Heptageniidae
119,FEn17w12D03.8.tif,50.424,34,67.333,0.307,Eph.Heptageniidae
120,FEn17w12D03.8.tif,72.725,22.373,106.755,0.577,Eph.Heptageniidae
121,FEn17w12D03.8.tif,78.421,66.797,91.464,0.136,Eph.Heptageniidae
122,FEn17w12D03.8.tif,69.475,42.178,101.703,0.42,Eph.Heptageniidae
123,FEn17w12D03.8.tif,108.387,68.405,137.678,0.404,Eph.Heptageniidae
124,FEn17w12D03.8.tif,83.972,57.668,108.329,0.318,Eph.Heptageniidae
125,FEn17w12D03.8.tif,96.275,81.52,153.333,0.083,Eph.Heptageniidae
126,FEn17w12D03.8.tif,68.167,37.626,127.461,0.349,Eph.Heptageniidae
127,FEn17w12D03.8.tif,112.079,75.097,131.675,0.276,Eph.Heptageniidae
128,FEn17w12D03.8.tif,78.293,43.614,106.982,0.324,Eph.Heptageniidae
129,FEn17w12D03.8.tif,51.924,31.185,83.072,0.399,Eph.Heptageniidae
130,FEn17w12D03.8.tif,69.842,43.2,92.301,0.19,Eph.Heptageniidae
131,FEn17w12D03.8.tif,84.921,56.131,141.667,0.158,Eph.Heptageniidae
132,FEn17w12D03.9.tif,61.676,39.009,116,0.178,Eph.Heptageniidae
133,FEn17w12D03.9.tif,55.314,23.665,89.513,0.183,Eph.Heptageniidae
134,FEn17w12D03.9.tif,76.271,27.505,101.347,0.298,Eph.Heptageniidae
135,FEn17w12D03.9.tif,47.409,24.347,77.117,0.364,Eph.Heptageniidae
136,FEn17w12D03.9.tif,52.795,24.019,101.104,0.273,Eph.Heptageniidae
137,FEn17w12D03.9.tif,69.117,23.768,104.333,0.38,Eph.Heptageniidae
138,FEn17w12D03.9.tif,81.358,50.737,105.201,0.397,Eph.Heptageniidae
139,FEn17w12D03.9.tif,50.57,19.424,80.783,0.404,Eph.Heptageniidae
140,FEn17w12D03.9.tif,72.14,35,90.989,0.322,Eph.Heptageniidae
141,FEn17w12D03.9.tif,57.589,34.791,94.733,0.172,Eph.Heptageniidae
142,FEn17w12D03.9.tif,66.434,34.597,120.667,0.438,Eph.Heptageniidae
143,FEn17w12D03.9.tif,81.23,51.853,116.333,0.286,Eph.Heptageniidae
144,FEn17w12D03.9.tif,80.357,49.746,133.168,0.153,Eph.Heptageniidae
145,FEn17w12D03.9.tif,83.677,45.398,168.971,0.128,Eph.Heptageniidae
146,FEn17w12D03.9.tif,70.143,35.593,119.333,0.179,Eph.Heptageniidae
147,FEn17w12D03.9.tif,56.871,31.057,97.812,0.463,Eph.Heptageniidae
148,FEn17w12D03.9.tif,77.621,57.13,114.667,0.323,Eph.Heptageniidae
149,FEn17w12D03.10.tif,81.18,54.326,100.5,0.166,Eph.Heptageniidae
150,FEn17w12D03.10.tif,110.05,81.898,146.333,0.136,Eph.Heptageniidae
151,FEn17w12D03.10.tif,107.465,81.605,175.333,0.209,Eph.Heptageniidae
152,FEn17w12D03.10.tif,81.498,60.896,110.646,0.216,Eph.Heptageniidae
153,FEn17w12D03.10.tif,65.228,23.462,97.721,0.45,Eph.Heptageniidae
154,FEn17w12D03.10.tif,103.877,33.131,145.77,0.403,Eph.Heptageniidae
155,FEn17w12D03.11.tif,20.037,8.014,180.792,1.999,Megaloptera.miscM
156,FEn17w12D03.11.tif,40.703,20.876,69.339,0.431,Col.Psephenidae
1,FEn17w12D03.12.tif,89.114,64.122,116.999,0.253,Dip.ChironomidaeL
2,FEn17w12D03.12.tif,94.076,61.881,160.667,0.202,Dip.ChironomidaeL
3,FEn17w12D03.12.tif,125.592,91.702,150.242,0.417,Dip.ChironomidaeL
4,FEn17w12D03.12.tif,100.641,58.925,145.25,0.371,Dip.ChironomidaeL
5,FEn17w12D03.12.tif,128.9,93.984,148.977,0.272,Dip.ChironomidaeL
6,FEn17w12D03.12.tif,91.626,51.851,116.315,0.191,Dip.ChironomidaeL
7,FEn17w12D03.12.tif,125.023,102.022,142.667,0.138,Dip.ChironomidaeL
8,FEn17w12D03.12.tif,112.786,78.947,153.889,0.258,Dip.ChironomidaeL
9,FEn17w12D03.12.tif,102.07,78.576,120.775,0.411,Dip.ChironomidaeL
10,FEn17w12D03.12.tif,113.278,83.259,134.648,0.27,Dip.ChironomidaeL
11,FEn17w12D03.12.tif,125.744,74.256,173.015,0.329,Dip.ChironomidaeL
12,FEn17w12D03.12.tif,120.167,80.036,166.157,0.233,Dip.ChironomidaeL
13,FEn17w12D03.12.tif,94.626,73.754,122.368,0.236,Dip.ChironomidaeL
14,FEn17w12D03.12.tif,95.638,54.364,181.24,0.415,Dip.ChironomidaeL
15,FEn17w12D03.12.tif,107.141,53.25,154.302,0.259,Dip.ChironomidaeL
16,FEn17w12D03.12.tif,116.996,75.595,185.675,0.212,Dip.ChironomidaeL
17,FEn17w12D03.12.tif,128.171,85.161,156.985,0.436,Dip.ChironomidaeL
18,FEn17w12D03.12.tif,127.199,90.336,162.894,0.338,Dip.ChironomidaeL
19,FEn17w12D03.12.tif,103.824,68.327,140.825,0.361,Dip.ChironomidaeL
20,FEn17w12D03.12.tif,116.663,98.704,138.43,0.121,Dip.ChironomidaeL
21,FEn17w12D03.12.tif,141.725,99.442,164.74,0.287,Dip.ChironomidaeL
22,FEn17w12D03.12.tif,149.966,76.027,200.801,0.221,Dip.ChironomidaeL
23,FEn17w12D03.12.tif,137.549,82.498,171.492,0.274,Dip.ChironomidaeL
24,FEn17w12D03.12.tif,122.934,76.752,162.876,0.293,Dip.ChironomidaeL
25,FEn17w12D03.12.tif,145.999,129,162.667,0.328,Dip.ChironomidaeL
26,FEn17w12D03.12.tif,85.649,46.712,180.521,0.178,Eph.Heptageniidae
1,FEn17w12D03.13.tif,122.884,98.846,139.501,0.138,Od.Damselflies
2,FEn17w12D03.13.tif,115.149,91.199,135.74,0.161,Od.Damselflies
3,FEn17w12D03.13.tif,119.741,65.333,186.966,0.223,Dip.ChironomidaeP
4,FEn17w12D03.13.tif,118.212,83.614,141.627,0.202,Dip.ChironomidaeP
5,FEn17w12D03.13.tif,115.77,65.537,145.859,0.186,Dip.ChironomidaeP
6,FEn17w12D03.13.tif,132.832,108.938,170.364,0.149,Dip.ChironomidaeL
7,FEn17w12D03.13.tif,128.051,82.125,176.7,0.336,Dip.ChironomidaeL
1,FEn17w12D03.13.tif,105.72,65.204,144.47,0.427,Tri.Polycentropidae
2,FEn17w12D03.13.tif,99.053,72.71,124.976,0.327,Tri.Polycentropidae
3,FEn17w12D03.13.tif,100.121,69.241,129.686,0.154,Tri.Polycentropidae
4,FEn17w12D03.13.tif,110.803,79.67,127.631,0.369,Tri.Polycentropidae
5,FEn17w12D03.13.tif,102.329,46.81,171.195,0.473,Tri.Polycentropidae
6,FEn17w12D03.13.tif,121.906,72.493,138.374,0.134,Tri.Polycentropidae
7,FEn17w12D03.13.tif,133.919,111.574,147.308,0.176,Tri.Polycentropidae
8,FEn17w12D03.13.tif,113.926,86.875,142.667,0.224,Tri.Polycentropidae
9,FEn17w12D03.13.tif,82.517,61.218,116.94,0.224,Tri.Leptoceridae
10,FEn17w12D03.13.tif,111.385,95.837,138.667,0.096,Tri.Leptoceridae
1,FEn17w12D03.14.tif,46.088,27.203,108.388,0.196,Gas.Ancylidae
2,FEn17w12D03.14.tif,48.242,34.579,65.061,0.251,Gas.Ancylidae
3,FEn17w12D03.14.tif,40.202,17.123,120.298,0.236,Gas.Ancylidae
4,FEn17w12D03.14.tif,54.21,23.182,130.813,0.206,Gas.Ancylidae
5,FEn17w12D03.14.tif,83.189,70.366,104.142,0.088,Gas.Ancylidae
6,FEn17w12D03.14.tif,105.232,76.029,158.559,0.102,Tromb.Hydracarina
1,FEn17w12D03.14.tif,117.747,99.73,132.489,0.075,Hydrozoans.miscH
2,FEn17w12D03.14.tif,89.354,64.971,128.333,0.096,Hydrozoans.miscH
3,FEn17w12D03.14.tif,78.637,73.667,86.667,0.075,Hydrozoans.miscH
1,FEn17w12D03.15.tif,71.587,33.492,128.957,0.47,Eph.Baetidae
2,FEn17w12D03.15.tif,52.066,29.01,95.333,0.338,Eph.Trcorythidae
3,FEn17w12D03.15.tif,90.73,59.698,153.488,0.331,Eph.Trcorythidae
4,FEn17w12D03.15.tif,96.806,83.522,121.894,0.194,Eph.Trcorythidae
5,FEn17w12D03.15.tif,101.926,82.165,132.158,0.129,Eph.Trcorythidae
6,FEn17w12D03.15.tif,129.222,102.568,151.333,0.19,Eph.Trcorythidae
7,FEn17w12D03.15.tif,112.691,88.465,132.543,0.184,Eph.Trcorythidae
8,FEn17w12D03.15.tif,103.314,74.048,156.667,0.219,Eph.Trcorythidae
9,FEn17w12D03.15.tif,83.726,55.448,120.008,0.189,Eph.Trcorythidae
10,FEn17w12D03.15.tif,114.534,67.212,171.947,0.225,Eph.Heptageniidae
1,FEn17w12D10.1.tif,103.692,80.91,136.333,0.372,Eph.Heptageniidae
2,FEn17w12D10.1.tif,101.715,78.782,136.719,0.29,Eph.Heptageniidae
3,FEn17w12D10.1.tif,97.656,66.44,140.053,0.309,Eph.Heptageniidae
4,FEn17w12D10.1.tif,123.361,73.749,168.034,0.346,Eph.Heptageniidae
5,FEn17w12D10.1.tif,88.988,69.158,145.085,0.435,Eph.Heptageniidae
6,FEn17w12D10.1.tif,106.671,54.58,159.599,0.317,Eph.Heptageniidae
7,FEn17w12D10.1.tif,102.412,58.778,176.803,0.316,Eph.Heptageniidae
8,FEn17w12D10.1.tif,99.29,58.039,121.145,0.278,Eph.Heptageniidae
9,FEn17w12D10.1.tif,91.402,63.31,141.88,0.307,Eph.Heptageniidae
10,FEn17w12D10.1.tif,102.064,71.031,140.667,0.149,Eph.Heptageniidae
11,FEn17w12D10.1.tif,112.958,85.205,137.089,0.185,Eph.Heptageniidae
12,FEn17w12D10.1.tif,127.102,92.403,168.548,0.169,Eph.Heptageniidae
13,FEn17w12D10.1.tif,88.137,55.709,192.498,0.524,Eph.Heptageniidae
14,FEn17w12D10.1.tif,108.558,69.433,138.124,0.327,Eph.Heptageniidae
15,FEn17w12D10.1.tif,130.723,105,178.667,0.09,Eph.Heptageniidae
16,FEn17w12D10.1.tif,126.776,114.112,164.156,0.125,Eph.Heptageniidae
17,FEn17w12D10.1.tif,64.917,45.008,86.66,0.281,Eph.Heptageniidae
18,FEn17w12D10.2.tif,94.724,71.049,134.743,0.161,Eph.Heptageniidae
19,FEn17w12D10.2.tif,84.915,69.857,109.186,0.096,Eph.Heptageniidae
20,FEn17w12D10.2.tif,136.094,107.371,182.667,0.127,Eph.Heptageniidae
21,FEn17w12D10.2.tif,123.87,83.006,165.893,0.175,Eph.Heptageniidae
22,FEn17w12D10.2.tif,114.333,71.019,191.482,0.136,Eph.Heptageniidae
23,FEn17w12D10.2.tif,106.072,77.353,128.589,0.161,Eph.Heptageniidae
24,FEn17w12D10.2.tif,115.594,86.69,158.679,0.176,Eph.Heptageniidae
25,FEn17w12D10.2.tif,116.872,92.409,154.928,0.212,Eph.Heptageniidae
26,FEn17w12D10.2.tif,62.775,45.359,84.718,0.228,Eph.Heptageniidae
27,FEn17w12D10.2.tif,86.539,50.592,117.806,0.443,Eph.Heptageniidae
28,FEn17w12D10.2.tif,111.956,87.619,134.333,0.275,Eph.Heptageniidae
29,FEn17w12D10.2.tif,100.087,69.988,158.335,0.372,Eph.Heptageniidae
30,FEn17w12D10.2.tif,101.074,58.218,128.044,0.147,Eph.Heptageniidae
31,FEn17w12D10.2.tif,132.881,97.214,156.051,0.135,Eph.Heptageniidae
32,FEn17w12D10.2.tif,127.851,102.706,148.057,0.142,Eph.Heptageniidae
33,FEn17w12D10.2.tif,93.663,52.133,166.828,0.244,Eph.Heptageniidae
34,FEn17w12D10.2.tif,114.132,92.88,149.667,0.089,Eph.Heptageniidae
35,FEn17w12D10.2.tif,102.956,83.257,127.042,0.13,Eph.Heptageniidae
36,FEn17w12D10.2.tif,107.835,69.813,162.333,0.236,Eph.Heptageniidae
37,FEn17w12D10.2.tif,117.54,57.903,159.964,0.13,Eph.Heptageniidae
38,FEn17w12D10.3.tif,83.285,57.643,138.667,0.28,Eph.Heptageniidae
39,FEn17w12D10.3.tif,110.911,61.756,138.087,0.418,Eph.Heptageniidae
40,FEn17w12D10.3.tif,62.384,33.227,95.657,0.51,Eph.Heptageniidae
41,FEn17w12D10.3.tif,80,47.964,123.426,0.414,Eph.Heptageniidae
42,FEn17w12D10.3.tif,85.056,51.114,127.293,0.259,Eph.Heptageniidae
43,FEn17w12D10.3.tif,103.43,77.348,158.568,0.196,Eph.Heptageniidae
44,FEn17w12D10.3.tif,102.411,73.401,165.165,0.212,Eph.Heptageniidae
45,FEn17w12D10.3.tif,77.957,55.755,105.707,0.164,Eph.Heptageniidae
46,FEn17w12D10.3.tif,106.421,60.727,142.371,0.299,Eph.Heptageniidae
47,FEn17w12D10.3.tif,114.879,78.463,165.945,0.226,Eph.Heptageniidae
48,FEn17w12D10.3.tif,72.091,41.49,106.542,0.363,Eph.Heptageniidae
49,FEn17w12D10.3.tif,68.206,34.31,98.667,0.433,Eph.Heptageniidae
50,FEn17w12D10.3.tif,87.286,66.179,112.198,0.61,Eph.Heptageniidae
51,FEn17w12D10.3.tif,107.093,54.31,251.108,0.257,Eph.Heptageniidae
52,FEn17w12D10.3.tif,111.72,82.944,138.238,0.262,Eph.Heptageniidae
53,FEn17w12D10.3.tif,88.32,63.817,158,0.17,Eph.Heptageniidae
54,FEn17w12D10.4.tif,106.487,81.397,133.176,0.324,Eph.Heptageniidae
55,FEn17w12D10.4.tif,97.734,67.022,168.055,0.165,Eph.Heptageniidae
56,FEn17w12D10.4.tif,107.194,83.18,140.898,0.35,Eph.Heptageniidae
57,FEn17w12D10.4.tif,143.868,115,163,0.137,Eph.Heptageniidae
58,FEn17w12D10.4.tif,113.897,100.145,152,0.119,Eph.Heptageniidae
59,FEn17w12D10.4.tif,113.657,104.984,121.405,0.088,Eph.Heptageniidae
60,FEn17w12D10.4.tif,103.73,73.828,149.925,0.238,Eph.Heptageniidae
61,FEn17w12D10.4.tif,119.652,87.391,175.879,0.331,Eph.Heptageniidae
62,FEn17w12D10.4.tif,103.817,71.067,158.758,0.38,Eph.Heptageniidae
63,FEn17w12D10.4.tif,107.948,74.437,185,0.324,Eph.Heptageniidae
64,FEn17w12D10.4.tif,96.232,67.667,237.667,0.816,Eph.Heptageniidae
65,FEn17w12D10.4.tif,141.471,86.853,172.692,0.708,Eph.Heptageniidae
66,FEn17w12D10.4.tif,110.419,76.524,198.368,0.182,Eph.Heptageniidae
67,FEn17w12D10.4.tif,126.006,87.853,151.61,0.228,Eph.Heptageniidae
68,FEn17w12D10.4.tif,114.855,82.713,129.747,0.261,Eph.Heptageniidae
69,FEn17w12D10.4.tif,107.066,87.637,200.667,0.172,Eph.Heptageniidae
70,FEn17w12D10.5.tif,109.889,85.933,129.596,0.262,Eph.Heptageniidae
71,FEn17w12D10.5.tif,148.957,119.136,188.457,0.129,Eph.Heptageniidae
72,FEn17w12D10.5.tif,134.657,108.453,215.36,0.193,Eph.Heptageniidae
73,FEn17w12D10.5.tif,138.601,96.888,164.862,0.246,Eph.Heptageniidae
74,FEn17w12D10.5.tif,147.199,98.087,168.888,0.237,Eph.Heptageniidae
75,FEn17w12D10.5.tif,129.78,84.069,167.354,0.256,Eph.Heptageniidae
76,FEn17w12D10.5.tif,157.725,120.467,177.631,0.137,Eph.Heptageniidae
77,FEn17w12D10.5.tif,161.254,108.682,208.924,0.15,Eph.Heptageniidae
78,FEn17w12D10.5.tif,128.01,104.076,146.631,0.217,Eph.Heptageniidae
79,FEn17w12D10.5.tif,105.492,76.286,139.123,0.221,Eph.Heptageniidae
80,FEn17w12D10.5.tif,111.28,74.889,139.065,0.263,Eph.Heptageniidae
81,FEn17w12D10.5.tif,122.554,95.086,160.349,0.211,Eph.Heptageniidae
82,FEn17w12D10.5.tif,110.798,72.207,144.864,0.179,Eph.Heptageniidae
83,FEn17w12D10.5.tif,147.749,120.487,214.025,0.171,Eph.Heptageniidae
84,FEn17w12D10.5.tif,147.795,114.667,197.024,0.189,Eph.Heptageniidae
85,FEn17w12D10.5.tif,121.116,67.921,239.888,0.306,Eph.Heptageniidae
86,FEn17w12D10.5.tif,123.268,94.804,155.385,0.23,Eph.Heptageniidae
87,FEn17w12D10.5.tif,155.211,105.483,200.499,0.188,Eph.Heptageniidae
88,FEn17w12D10.5.tif,117.55,94.152,147.24,0.192,Eph.Heptageniidae
1,FEn17w12D10.6.tif,164.172,126.804,188.787,0.226,Eph.Trcorythidae
2,FEn17w12D10.6.tif,179.356,157.083,208.547,0.21,Eph.Trcorythidae
3,FEn17w12D10.6.tif,167.857,133.649,196.862,0.186,Eph.Trcorythidae
4,FEn17w12D10.6.tif,162.387,127.283,239.667,0.136,Eph.Trcorythidae
5,FEn17w12D10.6.tif,167.46,103.095,211.667,0.27,Eph.Trcorythidae
6,FEn17w12D10.6.tif,156.587,124.804,185.4,0.139,Eph.Trcorythidae
7,FEn17w12D10.6.tif,169.591,118.595,237.933,0.161,Eph.Trcorythidae
8,FEn17w12D10.6.tif,192.673,154.787,220.062,0.085,Eph.Trcorythidae
9,FEn17w12D10.6.tif,154.321,118.899,187.595,0.122,Eph.Trcorythidae
10,FEn17w12D10.6.tif,149.963,123.436,179.068,0.169,Eph.Leptophlebiidae
11,FEn17w12D10.6.tif,133.87,92.413,167.711,0.167,Eph.Leptophlebiidae
12,FEn17w12D10.6.tif,144.314,105.164,192.58,0.151,Eph.Heptageniidae
1,FEn17w12D10.6.tif,98.729,55.436,164.615,0.613,Col.Psephenidae
2,FEn17w12D10.6.tif,114.677,74.299,191.74,0.542,Col.ElmL
3,FEn17w12D10.6.tif,115.669,96.885,217.214,0.28,FLAT WORMS
4,FEn17w12D10.6.tif,124.57,108.745,155.08,0.133,Gas.Ancylidae
1,FEn17w12D10.8.tif,97.957,70.944,171.502,0.621,Od.Damselflies
2,FEn17w12D10.8.tif,66.528,49.404,87.169,0.762,Od.Damselflies
3,FEn17w12D10.8.tif,139.122,98.288,170.667,0.136,Tri.Polycentropidae
1,FEn17w12D10.9.tif,114.397,54.726,144.8,0.184,Dip.ChironomidaeL
2,FEn17w12D10.9.tif,159.138,117.236,221.048,0.467,Dip.ChironomidaeL
3,FEn17w12D10.9.tif,171.395,111.146,202.552,0.2,Dip.ChironomidaeL
4,FEn17w12D10.9.tif,101.122,68.718,139.883,0.302,Dip.ChironomidaeL
5,FEn17w12D10.9.tif,121.858,80.779,172.997,0.484,Dip.ChironomidaeL
6,FEn17w12D10.9.tif,131.736,95.847,207.22,0.364,Dip.ChironomidaeL
7,FEn17w12D10.9.tif,121.067,81.969,207.171,0.373,Dip.ChironomidaeL
8,FEn17w12D10.9.tif,185.003,119.06,234.013,0.187,Dip.ChironomidaeL
9,FEn17w12D10.9.tif,155.858,113.055,221.991,0.197,Dip.ChironomidaeL
10,FEn17w12D10.9.tif,170.796,101.52,242.947,0.346,Dip.ChironomidaeL
11,FEn17w12D10.9.tif,151.474,108.44,198.998,0.276,Dip.ChironomidaeL
12,FEn17w12D10.9.tif,152.947,110.26,203.17,0.276,Dip.ChironomidaeL
13,FEn17w12D10.9.tif,164.803,118.759,195.933,0.111,Dip.ChironomidaeL
14,FEn17w12D10.9.tif,124.54,85,178.333,0.338,Dip.ChironomidaeL
15,FEn17w12D10.9.tif,158.052,140.98,190.171,0.22,Dip.ChironomidaeL
16,FEn17w12D10.9.tif,141.115,85.384,200.876,0.314,Dip.ChironomidaeL
17,FEn17w12D10.9.tif,170.535,124.299,206.447,0.448,Dip.ChironomidaeL
18,FEn17w12D10.9.tif,164.774,134.622,229.392,0.315,Dip.ChironomidaeL
19,FEn17w12D10.9.tif,166.17,107.069,246.315,0.197,Dip.ChironomidaeL
20,FEn17w12D10.9.tif,161.063,106.055,239.243,0.353,Dip.ChironomidaeL
21,FEn17w12D10.9.tif,172.916,123.565,208.808,0.197,Dip.ChironomidaeL
22,FEn17w12D10.9.tif,146.884,104.763,208.333,0.122,Od.Damselflies
23,FEn17w12D10.9.tif,154.332,134.281,201.667,0.177,Tri.Polycentropidae
1,FEn17w12D10.10.tif,159.966,95.351,250.643,0.344,Dip.ChironomidaeL
2,FEn17w12D10.10.tif,170.511,106.57,229.333,0.259,Dip.ChironomidaeL
3,FEn17w12D10.10.tif,193.496,119.958,253.671,0.271,Dip.ChironomidaeL
4,FEn17w12D10.10.tif,196.701,141.332,241.438,0.309,Dip.ChironomidaeL
5,FEn17w12D10.10.tif,158.105,120.65,177.664,0.09,Dip.ChironomidaeL
6,FEn17w12D10.10.tif,166.813,111.211,210.175,0.61,Dip.ChironomidaeL
7,FEn17w12D10.10.tif,156.694,120.157,202.5,0.264,Dip.ChironomidaeL
8,FEn17w12D10.10.tif,168.289,117.981,211.876,0.29,Dip.ChironomidaeL
9,FEn17w12D10.10.tif,141.574,90.14,178.8,0.395,Dip.ChironomidaeL
10,FEn17w12D10.10.tif,161.661,106.254,228.75,0.273,Dip.ChironomidaeL
11,FEn17w12D10.10.tif,128.631,91.291,203,0.338,Dip.ChironomidaeL
12,FEn17w12D10.10.tif,155.889,103.325,232.381,0.135,Dip.ChironomidaeL
13,FEn17w12D10.10.tif,156.685,109.624,186.172,0.125,Oligochaeta.misc
14,FEn17w12D10.10.tif,171.89,135.89,187.243,0.108,Od.Damselflies
